粘性,钝度,二维,外-激波后第0激波后马赫数,外-激波后第0激波后方向角,外-激波后第0激波后压缩角,外-激波后第0激波后流道高H,外-激波后第0激波后收缩比,外-激波后第0激波后sigma,外-激波后第1激波后马赫数,外-激波后第1激波后方向角,外-激波后第1激波后压缩角,外-激波后第1激波后流道高H,外-激波后第1激波后收缩比,外-激波后第1激波后sigma,外-激波后第2激波后马赫数,外-激波后第2激波后方向角,外-激波后第2激波后压缩角,外-激波后第2激波后流道高H,外-激波后第2激波后收缩比,外-激波后第2激波后sigma,外-激波后第3激波后马赫数,外-激波后第3激波后方向角,外-激波后第3激波后压缩角,外-激波后第3激波后流道高H,外-激波后第3激波后收缩比,外-激波后第3激波后sigma,内-激波后第0激波后马赫数,内-激波后第0激波后方向角,内-激波后第0激波后压缩角,内-激波后第0激波后流道高H,内-激波后第0激波后收缩比,内-激波后第0激波后sigma,内-激波后第1激波后马赫数,内-激波后第1激波后方向角,内-激波后第1激波后压缩角,内-激波后第1激波后流道高H,内-激波后第1激波后收缩比,内-激波后第1激波后sigma,内-激波后第2激波后马赫数,内-激波后第2激波后方向角,内-激波后第2激波后压缩角,内-激波后第2激波后流道高H,内-激波后第2激波后收缩比,内-激波后第2激波后sigma,压缩位置外压缩段风轴Cr,压缩位置外压缩段体轴Cr,压缩位置外压缩段长度,压缩位置外压缩段高度,压缩位置外压缩段阻力,压缩位置外压缩段比阻,压缩位置内压缩段风轴Cr,压缩位置内压缩段体轴Cr,压缩位置内压缩段长度,压缩位置内压缩段高度,压缩位置内压缩段阻力,压缩位置内压缩段比阻,压缩位置总_压_缩风轴Cr,压缩位置总_压_缩体轴Cr,压缩位置总_压_缩长度,压缩位置总_压_缩高度,压缩位置总_压_缩阻力,压缩位置总_压_缩比阻,每米宽度流量
0,0,1,3,0,0,150.374,1,1,2.816,3.647,3.647,126.496,1.189,0.998,2.629,7.635,3.988,106.162,1.416,0.996,2.309,15,7.365,79.828,1.884,0.984,2.309,15,15,78.588,1,0.984,2.069,8.845,6.155,63.901,1.23,0.979,1.747,0,8.845,50,1.572,0.968,1.884,1.884,370.6,150.37,2263,133.1,1.597,1.597,148.57,8.45,-277,-16.3,3.007,3.007,519.17,158.82,2540,149.4,17
0,0,1,3,0,0,150.374,1,1,2.816,3.647,3.647,126.496,1.189,0.998,2.629,7.635,3.988,106.162,1.416,0.996,2.309,15,7.365,79.828,1.884,0.984,2.309,15,15,78.57,1,0.984,1.992,6.845,8.155,60.236,1.304,0.973,1.748,0,6.845,50,1.571,0.968,1.884,1.884,370.6,150.37,2209,130,1.597,1.597,139.77,6.11,-224,-13.2,3.007,3.007,510.37,156.48,2434,143.2,17
0,0,1,3,0,0,150.374,1,1,2.816,3.647,3.647,126.496,1.189,0.998,2.537,9.635,5.988,97.905,1.536,0.99,2.311,15,5.365,79.769,1.885,0.986,2.311,15,15,78.619,1,0.986,2.071,8.845,6.155,63.916,1.23,0.981,1.749,0,8.845,50,1.572,0.97,1.885,1.885,370.6,150.37,2261,133,1.595,1.595,148.72,8.46,-277,-16.3,3.007,3.007,519.33,158.83,2538,149.3,17
0,0,1,3,0,0,150.374,1,1,2.816,3.647,3.647,126.496,1.189,0.998,2.537,9.635,5.988,97.905,1.536,0.99,2.311,15,5.365,79.769,1.885,0.986,2.311,15,15,78.6,1,0.986,1.993,6.845,8.155,60.247,1.305,0.975,1.749,0,6.845,50,1.572,0.97,1.885,1.885,370.6,150.37,2207,129.8,1.595,1.595,139.91,6.12,-225,-13.2,3.007,3.007,510.51,156.49,2432,143,17
0,0,1,3,0,0,150.374,1,1,2.718,5.647,5.647,115.856,1.298,0.992,2.537,9.635,3.988,97.919,1.536,0.99,2.311,15,5.365,79.779,1.885,0.986,2.311,15,15,78.623,1,0.986,2.071,8.845,6.155,63.918,1.23,0.981,1.749,0,8.845,50,1.572,0.97,1.885,1.885,343.38,150.37,2261,133,1.596,1.596,148.74,8.46,-277,-16.3,3.007,3.007,492.12,158.83,2538,149.3,17
0,0,1,3,0,0,150.374,1,1,2.718,5.647,5.647,115.856,1.298,0.992,2.537,9.635,3.988,97.919,1.536,0.99,2.311,15,5.365,79.779,1.885,0.986,2.311,15,15,78.604,1,0.986,1.994,6.845,8.155,60.248,1.305,0.975,1.749,0,6.845,50,1.572,0.97,1.885,1.885,343.38,150.37,2207,129.8,1.596,1.596,139.93,6.12,-225,-13.2,3.007,3.007,483.31,156.49,2431,143,17
0,0,1,3,0,0,150.374,1,1,2.718,5.647,5.647,115.856,1.298,0.992,2.449,11.635,5.988,90.598,1.66,0.986,2.31,15,3.365,79.843,1.883,0.985,2.31,15,15,78.606,1,0.985,2.07,8.845,6.155,63.91,1.23,0.979,1.748,0,8.845,50,1.572,0.968,1.883,1.883,343.38,150.37,2262,133.1,1.597,1.597,148.66,8.45,-277,-16.3,3.007,3.007,492.04,158.83,2539,149.3,17
0,0,1,3,0,0,150.374,1,1,2.718,5.647,5.647,115.856,1.298,0.992,2.449,11.635,5.988,90.598,1.66,0.986,2.31,15,3.365,79.843,1.883,0.985,2.31,15,15,78.587,1,0.985,1.993,6.845,8.155,60.242,1.305,0.973,1.749,0,6.845,50,1.572,0.968,1.883,1.883,343.38,150.37,2208,129.9,1.597,1.597,139.85,6.11,-224,-13.2,3.007,3.007,483.23,156.49,2432,143.1,17
0,0,1,3,0,0,150.374,1,1,2.816,3.647,3.647,126.496,1.189,0.998,2.508,10.278,6.631,95.496,1.575,0.988,2.31,15,4.722,79.817,1.884,0.985,2.31,15,15,78.606,1,0.985,2.07,8.845,6.155,63.91,1.23,0.98,1.748,0,8.845,50,1.572,0.968,1.884,1.884,370.6,150.37,2262,133.1,1.596,1.596,148.66,8.45,-277,-16.3,3.007,3.007,519.26,158.83,2539,149.3,17
0,0,1,3,0,0,150.374,1,1,2.816,3.647,3.647,126.496,1.189,0.998,2.508,10.278,6.631,95.496,1.575,0.988,2.31,15,4.722,79.817,1.884,0.985,2.31,15,15,78.587,1,0.985,1.993,6.845,8.155,60.242,1.305,0.974,1.749,0,6.845,50,1.572,0.969,1.884,1.884,370.6,150.37,2208,129.9,1.596,1.596,139.85,6.11,-224,-13.2,3.007,3.007,510.45,156.49,2432,143.1,17
0,0,1,3,0,0,150.374,1,1,2.816,3.647,3.647,126.496,1.189,0.998,2.599,8.278,4.631,103.377,1.455,0.994,2.31,15,6.722,79.773,1.885,0.986,2.31,15,15,78.61,1,0.986,2.07,8.845,6.155,63.912,1.23,0.981,1.748,0,8.845,50,1.572,0.969,1.885,1.885,370.6,150.37,2262,133,1.595,1.595,148.68,8.46,-277,-16.3,3.007,3.007,519.28,158.83,2539,149.3,17
0,0,1,3,0,0,150.374,1,1,2.816,3.647,3.647,126.496,1.189,0.998,2.599,8.278,4.631,103.377,1.455,0.994,2.31,15,6.722,79.773,1.885,0.986,2.31,15,15,78.591,1,0.986,1.993,6.845,8.155,60.244,1.305,0.974,1.749,0,6.845,50,1.572,0.969,1.885,1.885,370.6,150.37,2208,129.9,1.595,1.595,139.87,6.11,-225,-13.2,3.007,3.007,510.47,156.49,2432,143.1,17
0,0,1,3,0,0,150.374,1,1,2.718,5.647,5.647,115.856,1.298,0.992,2.509,10.278,4.631,95.452,1.575,0.989,2.311,15,4.722,79.773,1.885,0.986,2.311,15,15,78.627,1,0.986,2.071,8.845,6.155,63.92,1.23,0.981,1.749,0,8.845,50,1.573,0.97,1.885,1.885,343.38,150.37,2260,133,1.595,1.595,148.76,8.46,-277,-16.3,3.007,3.007,492.14,158.83,2537,149.3,17
0,0,1,3,0,0,150.374,1,1,2.718,5.647,5.647,115.856,1.298,0.992,2.509,10.278,4.631,95.452,1.575,0.989,2.311,15,4.722,79.773,1.885,0.986,2.311,15,15,78.608,1,0.986,1.994,6.845,8.155,60.249,1.305,0.975,1.749,0,6.845,50,1.572,0.97,1.885,1.885,343.38,150.37,2206,129.8,1.595,1.595,139.95,6.12,-225,-13.2,3.007,3.007,483.33,156.49,2431,143,17
0,0,1,3,0,0,150.374,1,1,2.718,5.647,5.647,115.856,1.298,0.992,2.598,8.278,2.631,103.496,1.453,0.992,2.309,15,6.722,79.878,1.883,0.983,2.309,15,15,78.584,1,0.983,2.069,8.845,6.155,63.9,1.23,0.978,1.747,0,8.845,50,1.572,0.967,1.883,1.883,343.38,150.37,2264,133.2,1.598,1.598,148.55,8.45,-277,-16.3,3.007,3.007,491.93,158.82,2540,149.4,17
0,0,1,3,0,0,150.374,1,1,2.718,5.647,5.647,115.856,1.298,0.992,2.598,8.278,2.631,103.496,1.453,0.992,2.309,15,6.722,79.878,1.883,0.983,2.309,15,15,78.566,1,0.983,1.992,6.845,8.155,60.235,1.304,0.972,1.748,0,6.845,50,1.571,0.967,1.883,1.883,343.38,150.37,2210,130,1.598,1.598,139.75,6.11,-224,-13.2,3.007,3.007,483.13,156.48,2434,143.2,17
0,0,1,3,0,0,150.374,1,1,2.669,6.647,6.647,111.112,1.353,0.988,2.492,10.635,3.988,94.241,1.596,0.986,2.31,15,4.365,79.884,1.882,0.984,2.31,15,15,78.599,1,0.984,2.07,8.845,6.155,63.906,1.23,0.979,1.748,0,8.845,50,1.572,0.967,1.882,1.882,330.47,150.37,2263,133.1,1.598,1.598,148.62,8.45,-277,-16.3,3.007,3.007,479.09,158.83,2539,149.4,17
0,0,1,3,0,0,150.374,1,1,2.669,6.647,6.647,111.112,1.353,0.988,2.492,10.635,3.988,94.241,1.596,0.986,2.31,15,4.365,79.884,1.882,0.984,2.31,15,15,78.58,1,0.984,1.993,6.845,8.155,60.24,1.304,0.972,1.748,0,6.845,50,1.572,0.967,1.882,1.882,330.47,150.37,2209,129.9,1.598,1.598,139.82,6.11,-224,-13.2,3.007,3.007,470.28,156.49,2433,143.1,17
0,0,1,3,0,0,150.374,1,1,2.767,4.647,4.647,120.977,1.243,0.996,2.583,8.635,3.988,101.888,1.476,0.993,2.311,15,6.365,79.759,1.885,0.986,2.311,15,15,78.619,1,0.986,2.071,8.845,6.155,63.916,1.23,0.981,1.749,0,8.845,50,1.572,0.97,1.885,1.885,356.76,150.37,2261,133,1.595,1.595,148.73,8.46,-277,-16.3,3.007,3.007,505.48,158.83,2538,149.3,17
0,0,1,3,0,0,150.374,1,1,2.767,4.647,4.647,120.977,1.243,0.996,2.583,8.635,3.988,101.888,1.476,0.993,2.311,15,6.365,79.759,1.885,0.986,2.311,15,15,78.601,1,0.986,1.993,6.845,8.155,60.247,1.305,0.975,1.749,0,6.845,50,1.572,0.97,1.885,1.885,356.76,150.37,2207,129.8,1.595,1.595,139.91,6.12,-225,-13.2,3.007,3.007,496.67,156.49,2431,143,17
0,0,1,3,0,0,150.374,1,1,2.767,4.647,4.647,120.977,1.243,0.996,2.493,10.635,5.988,94.116,1.598,0.988,2.311,15,4.365,79.77,1.885,0.986,2.311,15,15,78.624,1,0.986,2.071,8.845,6.155,63.918,1.23,0.981,1.749,0,8.845,50,1.572,0.97,1.885,1.885,356.76,150.37,2261,133,1.595,1.595,148.75,8.46,-277,-16.3,3.007,3.007,505.5,158.83,2538,149.3,17
0,0,1,3,0,0,150.374,1,1,2.767,4.647,4.647,120.977,1.243,0.996,2.493,10.635,5.988,94.116,1.598,0.988,2.311,15,4.365,79.77,1.885,0.986,2.311,15,15,78.605,1,0.986,1.994,6.845,8.155,60.248,1.305,0.975,1.749,0,6.845,50,1.572,0.97,1.885,1.885,356.76,150.37,2207,129.8,1.595,1.595,139.93,6.12,-225,-13.2,3.007,3.007,496.69,156.49,2431,143,17
0,0,1,3,0,0,150.374,1,1,2.866,2.647,2.647,132.437,1.135,0.999,2.582,8.635,5.988,101.976,1.475,0.991,2.31,15,6.365,79.841,1.883,0.984,2.31,15,15,78.591,1,0.984,2.07,8.845,6.155,63.903,1.23,0.979,1.748,0,8.845,50,1.572,0.968,1.883,1.883,384.94,150.37,2263,133.1,1.597,1.597,148.59,8.45,-277,-16.3,3.007,3.007,533.53,158.82,2540,149.4,17
0,0,1,3,0,0,150.374,1,1,2.866,2.647,2.647,132.437,1.135,0.999,2.582,8.635,5.988,101.976,1.475,0.991,2.31,15,6.365,79.841,1.883,0.984,2.31,15,15,78.573,1,0.984,1.992,6.845,8.155,60.237,1.304,0.973,1.748,0,6.845,50,1.571,0.968,1.883,1.883,384.94,150.37,2209,129.9,1.597,1.597,139.78,6.11,-224,-13.2,3.007,3.007,524.72,156.48,2433,143.1,17
0,0,1,3,0,0,150.374,1,1,2.767,4.647,4.647,120.977,1.243,0.996,2.538,9.635,4.988,97.864,1.537,0.991,2.312,15,5.365,79.73,1.886,0.987,2.312,15,15,78.634,1,0.987,2.071,8.845,6.155,63.923,1.23,0.982,1.749,0,8.845,50,1.573,0.971,1.886,1.886,356.76,150.37,2260,132.9,1.595,1.595,148.8,8.46,-277,-16.3,3.007,3.007,505.55,158.84,2537,149.2,17
0,0,1,3,0,0,150.374,1,1,2.767,4.647,4.647,120.977,1.243,0.996,2.538,9.635,4.988,97.864,1.537,0.991,2.312,15,5.365,79.73,1.886,0.987,2.312,15,15,78.634,1,0.987,2.071,8.845,6.155,63.923,1.23,0.982,1.749,0,8.845,50,1.573,0.971,1.886,1.886,356.76,150.37,2260,132.9,1.595,1.595,148.8,8.46,-277,-16.3,3.007,3.007,505.55,158.84,2537,149.2,17
0,0,1,3,0,0,150.374,1,1,2.816,3.647,3.647,126.496,1.189,0.998,2.629,7.635,3.988,106.162,1.416,0.996,2.309,15,7.365,79.828,1.884,0.984,2.309,15,15,78.614,1,0.984,2.031,7.845,7.155,62.034,1.267,0.976,1.748,0,7.845,50,1.572,0.968,1.884,1.884,370.6,150.37,2236,131.5,1.597,1.597,144.18,7.25,-251,-14.8,3.007,3.007,514.79,157.62,2487,146.3,17
0,0,1,3,0,0,150.374,1,1,2.816,3.647,3.647,126.496,1.189,0.998,2.537,9.635,5.988,97.905,1.536,0.99,2.311,15,5.365,79.769,1.885,0.986,2.311,15,15,78.645,1,0.986,2.032,7.845,7.155,62.046,1.268,0.978,1.749,0,7.845,50,1.573,0.97,1.885,1.885,370.6,150.37,2234,131.4,1.595,1.595,144.33,7.25,-252,-14.8,3.007,3.007,514.93,157.63,2485,146.2,17
0,0,1,3,0,0,150.374,1,1,2.718,5.647,5.647,115.856,1.298,0.992,2.537,9.635,3.988,97.919,1.536,0.99,2.311,15,5.365,79.779,1.885,0.986,2.311,15,15,78.649,1,0.986,2.032,7.845,7.155,62.048,1.268,0.978,1.75,0,7.845,50,1.573,0.97,1.885,1.885,343.38,150.37,2233,131.4,1.596,1.596,144.35,7.25,-252,-14.8,3.007,3.007,487.73,157.63,2485,146.2,17
0,0,1,3,0,0,150.374,1,1,2.718,5.647,5.647,115.856,1.298,0.992,2.449,11.635,5.988,90.598,1.66,0.986,2.31,15,3.365,79.843,1.883,0.985,2.31,15,15,78.631,1,0.985,2.032,7.845,7.155,62.041,1.267,0.977,1.749,0,7.845,50,1.573,0.969,1.883,1.883,343.38,150.37,2235,131.5,1.597,1.597,144.27,7.25,-251,-14.8,3.007,3.007,487.65,157.63,2486,146.2,17
0,0,1,3,0,0,150.374,1,1,2.816,3.647,3.647,126.496,1.189,0.998,2.508,10.278,6.631,95.496,1.575,0.988,2.31,15,4.722,79.817,1.884,0.985,2.31,15,15,78.632,1,0.985,2.032,7.845,7.155,62.041,1.267,0.977,1.749,0,7.845,50,1.573,0.969,1.884,1.884,370.6,150.37,2235,131.5,1.596,1.596,144.27,7.25,-251,-14.8,3.007,3.007,514.87,157.63,2486,146.2,17
0,0,1,3,0,0,150.374,1,1,2.816,3.647,3.647,126.496,1.189,0.998,2.599,8.278,4.631,103.377,1.455,0.994,2.31,15,6.722,79.773,1.885,0.986,2.31,15,15,78.636,1,0.986,2.032,7.845,7.155,62.042,1.267,0.978,1.749,0,7.845,50,1.573,0.97,1.885,1.885,370.6,150.37,2234,131.4,1.595,1.595,144.29,7.25,-252,-14.8,3.007,3.007,514.89,157.63,2486,146.2,17
0,0,1,3,0,0,150.374,1,1,2.718,5.647,5.647,115.856,1.298,0.992,2.509,10.278,4.631,95.452,1.575,0.989,2.311,15,4.722,79.773,1.885,0.986,2.311,15,15,78.653,1,0.986,2.032,7.845,7.155,62.049,1.268,0.978,1.75,0,7.845,50,1.573,0.971,1.885,1.885,343.38,150.37,2233,131.4,1.595,1.595,144.37,7.26,-252,-14.8,3.007,3.007,487.75,157.63,2485,146.2,17
0,0,1,3,0,0,150.374,1,1,2.718,5.647,5.647,115.856,1.298,0.992,2.598,8.278,2.631,103.496,1.453,0.992,2.309,15,6.722,79.878,1.883,0.983,2.309,15,15,78.61,1,0.983,2.031,7.845,7.155,62.032,1.267,0.975,1.748,0,7.845,50,1.572,0.968,1.883,1.883,343.38,150.37,2236,131.6,1.598,1.598,144.16,7.25,-251,-14.8,3.007,3.007,487.54,157.62,2488,146.3,17
0,0,1,3,0,0,150.374,1,1,2.669,6.647,6.647,111.112,1.353,0.988,2.492,10.635,3.988,94.241,1.596,0.986,2.31,15,4.365,79.884,1.882,0.984,2.31,15,15,78.625,1,0.984,2.031,7.845,7.155,62.038,1.267,0.976,1.749,0,7.845,50,1.572,0.968,1.882,1.882,330.47,150.37,2235,131.5,1.598,1.598,144.23,7.25,-251,-14.8,3.007,3.007,474.7,157.62,2486,146.3,17
0,0,1,3,0,0,150.374,1,1,2.767,4.647,4.647,120.977,1.243,0.996,2.583,8.635,3.988,101.888,1.476,0.993,2.311,15,6.365,79.759,1.885,0.986,2.311,15,15,78.645,1,0.986,2.032,7.845,7.155,62.046,1.268,0.978,1.749,0,7.845,50,1.573,0.971,1.885,1.885,356.76,150.37,2234,131.4,1.595,1.595,144.33,7.25,-252,-14.8,3.007,3.007,501.09,157.63,2485,146.2,17
0,0,1,3,0,0,150.374,1,1,2.767,4.647,4.647,120.977,1.243,0.996,2.493,10.635,5.988,94.116,1.598,0.988,2.311,15,4.365,79.77,1.885,0.986,2.311,15,15,78.649,1,0.986,2.032,7.845,7.155,62.048,1.268,0.978,1.75,0,7.845,50,1.573,0.971,1.885,1.885,356.76,150.37,2233,131.4,1.595,1.595,144.35,7.26,-252,-14.8,3.007,3.007,501.11,157.63,2485,146.2,17
0,0,1,3,0,0,150.374,1,1,2.866,2.647,2.647,132.437,1.135,0.999,2.582,8.635,5.988,101.976,1.475,0.991,2.31,15,6.365,79.841,1.883,0.984,2.31,15,15,78.617,1,0.984,2.031,7.845,7.155,62.035,1.267,0.976,1.748,0,7.845,50,1.572,0.968,1.883,1.883,384.94,150.37,2236,131.5,1.597,1.597,144.2,7.25,-251,-14.8,3.007,3.007,529.14,157.62,2487,146.3,17
0,0,1,4,0,0,198.907,1,1,3.72,3.845,3.845,155.215,1.281,0.995,3.439,8.126,4.281,120.358,1.653,0.989,2.985,15.9,7.774,80.427,2.473,0.963,2.985,15.9,15.9,96.021,1,0.963,2.663,9.406,6.494,71.519,1.343,0.952,2.251,0,9.406,50,1.92,0.93,2.473,2.473,644.88,198.91,2714,161.5,1.609,1.609,229.42,15.51,-455,-27.1,3.978,3.978,874.3,214.42,3169,188.6,16.8
0,0,1,4,0,0,198.907,1,1,3.72,3.845,3.845,155.215,1.281,0.995,3.439,8.126,4.281,120.358,1.653,0.989,2.985,15.9,7.774,80.427,2.473,0.963,2.985,15.9,15.9,95.971,1,0.963,2.566,7.406,8.494,66.046,1.453,0.94,2.252,0,7.406,50,1.919,0.93,2.473,2.473,644.88,198.91,2649,157.7,1.609,1.609,214.28,11.25,-379,-22.6,3.978,3.978,859.16,210.16,3027,180.2,16.8
0,0,1,4,0,0,198.907,1,1,3.72,3.845,3.845,155.215,1.281,0.995,3.311,10.126,6.281,108.057,1.841,0.977,2.988,15.9,5.774,80.319,2.476,0.967,2.988,15.9,15.9,96.093,1,0.967,2.666,9.406,6.494,71.549,1.343,0.956,2.253,0,9.406,50,1.922,0.934,2.476,2.476,644.88,198.91,2709,161.3,1.606,1.606,229.79,15.54,-456,-27.1,3.978,3.978,874.67,214.45,3165,188.4,16.8
0,0,1,4,0,0,198.907,1,1,3.72,3.845,3.845,155.215,1.281,0.995,3.311,10.126,6.281,108.057,1.841,0.977,2.988,15.9,5.774,80.319,2.476,0.967,2.988,15.9,15.9,96.043,1,0.967,2.568,7.406,8.494,66.068,1.454,0.944,2.254,0,7.406,50,1.921,0.934,2.476,2.476,644.88,198.91,2644,157.4,1.606,1.606,214.62,11.27,-380,-22.6,3.978,3.978,859.5,210.18,3024,180,16.8
0,0,1,4,0,0,198.907,1,1,3.579,5.845,5.845,137.985,1.442,0.982,3.312,10.126,4.281,108.096,1.84,0.977,2.988,15.9,5.774,80.345,2.476,0.967,2.988,15.9,15.9,96.104,1,0.967,2.666,9.406,6.494,71.554,1.343,0.956,2.254,0,9.406,50,1.922,0.934,2.476,2.476,588.07,198.91,2708,161.2,1.607,1.607,229.85,15.55,-456,-27.1,3.978,3.978,817.92,214.45,3164,188.4,16.8
0,0,1,4,0,0,198.907,1,1,3.579,5.845,5.845,137.985,1.442,0.982,3.312,10.126,4.281,108.096,1.84,0.977,2.988,15.9,5.774,80.345,2.476,0.967,2.988,15.9,15.9,96.054,1,0.967,2.569,7.406,8.494,66.071,1.454,0.944,2.254,0,7.406,50,1.921,0.934,2.476,2.476,588.07,198.91,2643,157.3,1.607,1.607,214.67,11.28,-380,-22.6,3.978,3.978,802.74,210.18,3023,179.9,16.8
0,0,1,4,0,0,198.907,1,1,3.579,5.845,5.845,137.985,1.442,0.982,3.191,12.126,6.281,97.447,2.041,0.967,2.987,15.9,3.774,80.478,2.472,0.964,2.987,15.9,15.9,96.067,1,0.964,2.665,9.406,6.494,71.538,1.343,0.953,2.252,0,9.406,50,1.921,0.931,2.472,2.472,588.07,198.91,2711,161.4,1.61,1.61,229.65,15.53,-455,-27.1,3.978,3.978,817.72,214.44,3166,188.4,16.8
0,0,1,4,0,0,198.907,1,1,3.579,5.845,5.845,137.985,1.442,0.982,3.191,12.126,6.281,97.447,2.041,0.967,2.987,15.9,3.774,80.478,2.472,0.964,2.987,15.9,15.9,96.016,1,0.964,2.568,7.406,8.494,66.06,1.453,0.941,2.253,0,7.406,50,1.92,0.931,2.472,2.472,588.07,198.91,2646,157.5,1.61,1.61,214.5,11.27,-379,-22.5,3.978,3.978,802.57,210.17,3025,180,16.8
0,0,1,4,0,0,198.907,1,1,3.72,3.845,3.845,155.215,1.281,0.995,3.248,11.126,7.281,102.7,1.937,0.968,2.985,15.9,4.774,80.5,2.471,0.963,2.985,15.9,15.9,96.036,1,0.963,2.664,9.406,6.494,71.526,1.343,0.952,2.251,0,9.406,50,1.921,0.929,2.471,2.471,644.88,198.91,2713,161.5,1.61,1.61,229.5,15.52,-455,-27.1,3.978,3.978,874.38,214.42,3168,188.5,16.8
0,0,1,4,0,0,198.907,1,1,3.72,3.845,3.845,155.215,1.281,0.995,3.248,11.126,7.281,102.7,1.937,0.968,2.985,15.9,4.774,80.5,2.471,0.963,2.985,15.9,15.9,95.986,1,0.963,2.566,7.406,8.494,66.051,1.453,0.94,2.252,0,7.406,50,1.92,0.93,2.471,2.471,644.88,198.91,2648,157.6,1.61,1.61,214.35,11.26,-379,-22.5,3.978,3.978,859.24,210.16,3026,180.1,16.8
0,0,1,4,0,0,198.907,1,1,3.72,3.845,3.845,155.215,1.281,0.995,3.375,9.126,5.281,113.929,1.746,0.984,2.987,15.9,6.774,80.291,2.477,0.967,2.987,15.9,15.9,96.089,1,0.967,2.666,9.406,6.494,71.548,1.343,0.956,2.253,0,9.406,50,1.922,0.934,2.477,2.477,644.88,198.91,2709,161.3,1.606,1.606,229.77,15.54,-456,-27.2,3.978,3.978,874.65,214.45,3166,188.4,16.8
0,0,1,4,0,0,198.907,1,1,3.72,3.845,3.845,155.215,1.281,0.995,3.375,9.126,5.281,113.929,1.746,0.984,2.987,15.9,6.774,80.291,2.477,0.967,2.987,15.9,15.9,96.038,1,0.967,2.568,7.406,8.494,66.067,1.454,0.944,2.254,0,7.406,50,1.921,0.934,2.477,2.477,644.88,198.91,2644,157.4,1.606,1.606,214.6,11.27,-380,-22.6,3.978,3.978,859.48,210.18,3024,180,16.8
0,0,1,4,0,0,198.907,1,1,3.579,5.845,5.845,137.985,1.442,0.982,3.251,11.126,5.281,102.539,1.94,0.973,2.988,15.9,4.774,80.351,2.475,0.967,2.988,15.9,15.9,96.11,1,0.967,2.666,9.406,6.494,71.557,1.343,0.956,2.254,0,9.406,50,1.922,0.934,2.475,2.475,588.07,198.91,2708,161.2,1.607,1.607,229.88,15.55,-456,-27.1,3.978,3.978,817.95,214.46,3164,188.3,16.8
0,0,1,4,0,0,198.907,1,1,3.579,5.845,5.845,137.985,1.442,0.982,3.251,11.126,5.281,102.539,1.94,0.973,2.988,15.9,4.774,80.351,2.475,0.967,2.988,15.9,15.9,96.06,1,0.967,2.569,7.406,8.494,66.073,1.454,0.944,2.255,0,7.406,50,1.921,0.934,2.475,2.475,588.07,198.91,2643,157.3,1.607,1.607,214.7,11.28,-380,-22.6,3.978,3.978,802.77,210.19,3023,179.9,16.8
0,0,1,4,0,0,198.907,1,1,3.593,5.647,5.647,139.547,1.425,0.984,3.374,9.126,3.479,114.095,1.743,0.981,2.986,15.9,6.774,80.421,2.473,0.964,2.986,15.9,15.9,96.06,1,0.964,2.665,9.406,6.494,71.536,1.343,0.954,2.252,0,9.406,50,1.921,0.931,2.473,2.473,593.45,198.91,2711,161.4,1.608,1.608,229.62,15.53,-455,-27.1,3.978,3.978,823.07,214.43,3167,188.5,16.8
0,0,1,4,0,0,198.907,1,1,3.593,5.647,5.647,139.547,1.425,0.984,3.374,9.126,3.479,114.095,1.743,0.981,2.986,15.9,6.774,80.421,2.473,0.964,2.986,15.9,15.9,96.01,1,0.964,2.567,7.406,8.494,66.058,1.453,0.942,2.253,0,7.406,50,1.92,0.931,2.473,2.473,593.45,198.91,2646,157.5,1.608,1.608,214.47,11.26,-379,-22.6,3.978,3.978,807.92,210.17,3025,180.1,16.8
0,0,1,4,0,0,198.907,1,1,3.508,6.845,6.845,130.545,1.524,0.973,3.248,11.126,4.281,102.793,1.935,0.968,2.986,15.9,4.774,80.568,2.469,0.962,2.986,15.9,15.9,96.05,1,0.962,2.664,9.406,6.494,71.531,1.343,0.952,2.252,0,9.406,50,1.921,0.929,2.469,2.469,561.69,198.91,2712,161.4,1.611,1.611,229.57,15.52,-454,-27,3.978,3.978,791.25,214.43,3166,188.5,16.8
0,0,1,4,0,0,198.907,1,1,3.508,6.845,6.845,130.545,1.524,0.973,3.248,11.126,4.281,102.793,1.935,0.968,2.986,15.9,4.774,80.568,2.469,0.962,2.986,15.9,15.9,96,1,0.962,2.567,7.406,8.494,66.055,1.453,0.94,2.253,0,7.406,50,1.92,0.929,2.469,2.469,561.69,198.91,2647,157.5,1.611,1.611,214.42,11.26,-378,-22.5,3.978,3.978,776.1,210.17,3025,180.1,16.8
0,0,1,4,0,0,198.907,1,1,3.649,4.845,4.845,146.187,1.361,0.99,3.375,9.126,4.281,113.938,1.746,0.984,2.988,15.9,6.774,80.295,2.477,0.967,2.988,15.9,15.9,96.095,1,0.967,2.666,9.406,6.494,71.55,1.343,0.957,2.253,0,9.406,50,1.922,0.934,2.477,2.477,615.78,198.91,2709,161.3,1.606,1.606,229.8,15.54,-456,-27.2,3.978,3.978,845.58,214.45,3165,188.4,16.8
0,0,1,4,0,0,198.907,1,1,3.649,4.845,4.845,146.187,1.361,0.99,3.375,9.126,4.281,113.938,1.746,0.984,2.988,15.9,6.774,80.295,2.477,0.967,2.988,15.9,15.9,96.044,1,0.967,2.569,7.406,8.494,66.069,1.454,0.945,2.254,0,7.406,50,1.921,0.934,2.477,2.477,615.78,198.91,2644,157.4,1.606,1.606,214.63,11.27,-380,-22.6,3.978,3.978,830.42,210.18,3024,180,16.8
0,0,1,4,0,0,198.907,1,1,3.649,4.845,4.845,146.187,1.361,0.99,3.251,11.126,6.281,102.502,1.941,0.973,2.988,15.9,4.774,80.324,2.476,0.967,2.988,15.9,15.9,96.106,1,0.967,2.666,9.406,6.494,71.555,1.343,0.957,2.254,0,9.406,50,1.922,0.934,2.476,2.476,615.78,198.91,2708,161.2,1.606,1.606,229.86,15.55,-456,-27.1,3.978,3.978,845.65,214.45,3164,188.4,16.8
0,0,1,4,0,0,198.907,1,1,3.649,4.845,4.845,146.187,1.361,0.99,3.251,11.126,6.281,102.502,1.941,0.973,2.988,15.9,4.774,80.324,2.476,0.967,2.988,15.9,15.9,96.056,1,0.967,2.569,7.406,8.494,66.072,1.454,0.945,2.254,0,7.406,50,1.921,0.934,2.476,2.476,615.78,198.91,2643,157.3,1.606,1.606,214.69,11.28,-380,-22.6,3.978,3.978,830.47,210.18,3023,179.9,16.8
0,0,1,4,0,0,198.907,1,1,3.791,2.845,2.845,165.139,1.204,0.998,3.372,9.126,6.281,114.143,1.743,0.979,2.985,15.9,6.774,80.469,2.472,0.963,2.985,15.9,15.9,96.026,1,0.963,2.663,9.406,6.494,71.521,1.343,0.952,2.251,0,9.406,50,1.921,0.929,2.472,2.472,675.4,198.91,2713,161.5,1.609,1.609,229.44,15.51,-455,-27.1,3.978,3.978,904.85,214.42,3168,188.6,16.8
0,0,1,4,0,0,198.907,1,1,3.791,2.845,2.845,165.139,1.204,0.998,3.372,9.126,6.281,114.143,1.743,0.979,2.985,15.9,6.774,80.469,2.472,0.963,2.985,15.9,15.9,95.976,1,0.963,2.566,7.406,8.494,66.048,1.453,0.94,2.252,0,7.406,50,1.92,0.93,2.472,2.472,675.4,198.91,2648,157.6,1.609,1.609,214.31,11.25,-379,-22.5,3.978,3.978,889.71,210.16,3027,180.2,16.8
0,0,1,4,0,0,198.907,1,1,3.649,4.845,4.845,146.187,1.361,0.99,3.313,10.126,5.281,107.966,1.842,0.979,3.039,15,4.874,83.769,2.374,0.973,3.039,15,15,94.432,1,0.973,2.711,8.506,6.494,69.92,1.351,0.962,2.331,0,8.506,50,1.889,0.944,2.374,2.374,615.78,198.91,2501,148.9,1.675,1.675,228.61,13.49,-372,-22.1,3.978,3.978,844.4,212.4,2873,171,16.8
0,0,1,4,0,0,198.907,1,1,3.649,4.845,4.845,146.187,1.361,0.99,3.313,10.126,5.281,107.966,1.842,0.979,3.039,15,4.874,83.769,2.374,0.973,3.039,15,15,94.275,1,0.973,2.611,6.506,8.494,64.397,1.464,0.949,2.33,0,6.506,50,1.886,0.942,2.374,2.374,615.78,198.91,2440,145.2,1.675,1.675,213.03,9.48,-300,-17.9,3.978,3.978,828.81,208.39,2740,163.1,16.8
0,0,1,4,0,0,198.907,1,1,3.72,3.845,3.845,155.215,1.281,0.995,3.439,8.126,4.281,120.358,1.653,0.989,3.036,15,6.874,83.832,2.373,0.97,3.036,15,15,94.391,1,0.97,2.676,7.845,7.155,68.022,1.388,0.956,2.33,0,7.845,50,1.888,0.942,2.373,2.373,644.88,198.91,2484,147.9,1.677,1.677,223.22,12.09,-349,-20.8,3.978,3.978,868.1,211,2833,168.6,16.8
0,0,1,4,0,0,198.907,1,1,3.72,3.845,3.845,155.215,1.281,0.995,3.311,10.126,6.281,108.057,1.841,0.977,3.037,15,4.874,83.851,2.372,0.971,3.037,15,15,94.407,1,0.971,2.676,7.845,7.155,68.028,1.388,0.956,2.331,0,7.845,50,1.888,0.942,2.372,2.372,644.88,198.91,2483,147.8,1.677,1.677,223.3,12.1,-349,-20.8,3.978,3.978,868.19,211,2832,168.6,16.8
0,0,1,4,0,0,198.907,1,1,3.579,5.845,5.845,137.985,1.442,0.982,3.312,10.126,4.281,108.096,1.84,0.977,3.037,15,4.874,83.878,2.371,0.971,3.037,15,15,94.418,1,0.971,2.677,7.845,7.155,68.032,1.388,0.956,2.331,0,7.845,50,1.888,0.942,2.371,2.371,588.07,198.91,2482,147.7,1.678,1.678,223.36,12.1,-349,-20.8,3.978,3.978,811.43,211.01,2831,168.5,16.8
0,0,1,4,0,0,198.907,1,1,3.579,5.845,5.845,137.985,1.442,0.982,3.191,12.126,6.281,97.447,2.041,0.967,3.034,15,2.874,84.098,2.365,0.965,3.034,15,15,94.347,1,0.965,2.674,7.845,7.155,68.007,1.387,0.951,2.329,0,7.845,50,1.887,0.937,2.365,2.365,588.07,198.91,2487,148,1.682,1.682,222.99,12.08,-348,-20.7,3.978,3.978,811.06,210.98,2835,168.7,16.8
0,0,1,4,0,0,198.907,1,1,3.72,3.845,3.845,155.215,1.281,0.995,3.248,11.126,7.281,102.7,1.937,0.968,3.034,15,3.874,84.084,2.366,0.965,3.034,15,15,94.334,1,0.965,2.674,7.845,7.155,68.002,1.387,0.95,2.328,0,7.845,50,1.887,0.937,2.366,2.366,644.88,198.91,2488,148.1,1.682,1.682,222.92,12.07,-348,-20.7,3.978,3.978,867.8,210.98,2836,168.8,16.8
0,0,1,4,0,0,198.907,1,1,3.72,3.845,3.845,155.215,1.281,0.995,3.375,9.126,5.281,113.929,1.746,0.984,3.038,15,5.874,83.764,2.375,0.973,3.038,15,15,94.427,1,0.973,2.677,7.845,7.155,68.035,1.388,0.958,2.331,0,7.845,50,1.889,0.944,2.375,2.375,644.88,198.91,2482,147.7,1.675,1.675,223.41,12.1,-350,-20.8,3.978,3.978,868.29,211.01,2831,168.5,16.8
0,0,1,4,0,0,198.907,1,1,3.579,5.845,5.845,137.985,1.442,0.982,3.251,11.126,5.281,102.539,1.94,0.973,3.037,15,3.874,83.932,2.37,0.97,3.037,15,15,94.404,1,0.97,2.676,7.845,7.155,68.027,1.388,0.955,2.33,0,7.845,50,1.888,0.941,2.37,2.37,588.07,198.91,2483,147.8,1.679,1.679,223.29,12.1,-349,-20.8,3.978,3.978,811.36,211,2832,168.6,16.8
0,0,1,4,0,0,198.907,1,1,3.593,5.647,5.647,139.547,1.425,0.984,3.374,9.126,3.479,114.095,1.743,0.981,3.037,15,5.874,83.898,2.371,0.97,3.037,15,15,94.4,1,0.97,2.676,7.845,7.155,68.026,1.388,0.955,2.33,0,7.845,50,1.888,0.941,2.371,2.371,593.45,198.91,2483,147.8,1.678,1.678,223.26,12.09,-349,-20.8,3.978,3.978,816.71,211,2832,168.6,16.8
0,0,1,4,0,0,198.907,1,1,3.508,6.845,6.845,130.545,1.524,0.973,3.248,11.126,4.281,102.793,1.935,0.968,3.034,15,3.874,84.156,2.364,0.965,3.034,15,15,94.347,1,0.965,2.674,7.845,7.155,68.007,1.387,0.95,2.329,0,7.845,50,1.887,0.937,2.364,2.364,561.69,198.91,2487,148,1.683,1.683,222.99,12.08,-348,-20.7,3.978,3.978,784.68,210.98,2834,168.7,16.8
0,0,1,4,0,0,198.907,1,1,3.649,4.845,4.845,146.187,1.361,0.99,3.375,9.126,4.281,113.938,1.746,0.984,3.038,15,5.874,83.768,2.375,0.973,3.038,15,15,94.433,1,0.973,2.677,7.845,7.155,68.037,1.388,0.958,2.331,0,7.845,50,1.889,0.944,2.375,2.375,615.78,198.91,2481,147.7,1.675,1.675,223.44,12.11,-350,-20.8,3.978,3.978,839.22,211.01,2831,168.5,16.8
0,0,1,4,0,0,198.907,1,1,3.649,4.845,4.845,146.187,1.361,0.99,3.251,11.126,6.281,102.502,1.941,0.973,3.037,15,3.874,83.903,2.371,0.97,3.037,15,15,94.4,1,0.97,2.676,7.845,7.155,68.026,1.388,0.955,2.33,0,7.845,50,1.888,0.941,2.371,2.371,615.78,198.91,2483,147.8,1.678,1.678,223.27,12.09,-349,-20.8,3.978,3.978,839.05,211,2832,168.6,16.8
0,0,1,4,0,0,198.907,1,1,3.791,2.845,2.845,165.139,1.204,0.998,3.372,9.126,6.281,114.143,1.743,0.979,3.035,15,5.874,83.946,2.369,0.968,3.035,15,15,94.367,1,0.968,2.675,7.845,7.155,68.014,1.387,0.953,2.329,0,7.845,50,1.887,0.94,2.369,2.369,675.4,198.91,2486,147.9,1.679,1.679,223.1,12.08,-349,-20.7,3.978,3.978,898.5,210.99,2834,168.7,16.8
0,0,1,5,0,0,245.496,1,1,4.622,3.7,3.7,181.798,1.35,0.991,4.246,7.878,4.178,133.213,1.843,0.981,3.643,15.6,7.722,81.12,3.026,0.938,3.643,15.6,15.6,110.976,1,0.938,3.243,9.288,6.312,77.743,1.427,0.922,2.74,0,9.288,50,2.22,0.888,3.026,3.026,979.13,245.5,2876,174.3,1.622,1.622,315.09,22.75,-603,-36.5,4.91,4.91,1294.22,268.25,3479,210.8,16.5
0,0,1,5,0,0,245.496,1,1,4.622,3.7,3.7,181.798,1.35,0.991,4.246,7.878,4.178,133.213,1.843,0.981,3.643,15.6,7.722,81.12,3.026,0.938,3.643,15.6,15.6,110.883,1,0.938,3.12,7.288,8.312,70.466,1.574,0.904,2.741,0,7.288,50,2.218,0.889,3.026,3.026,979.13,245.5,2803,169.9,1.622,1.622,291.34,16.22,-505,-30.6,4.91,4.91,1270.47,261.72,3309,200.5,16.5
0,0,1,5,0,0,245.496,1,1,4.622,3.7,3.7,181.798,1.35,0.991,4.071,9.878,6.178,116.627,2.105,0.961,3.648,15.6,5.722,80.946,3.033,0.945,3.648,15.6,15.6,111.111,1,0.945,3.248,9.288,6.312,77.795,1.428,0.929,2.744,0,9.288,50,2.222,0.894,3.033,3.033,979.13,245.5,2869,173.9,1.619,1.619,315.85,22.83,-605,-36.6,4.91,4.91,1294.98,268.32,3474,210.5,16.5
0,0,1,5,0,0,245.496,1,1,4.622,3.7,3.7,181.798,1.35,0.991,4.071,9.878,6.178,116.627,2.105,0.961,3.648,15.6,5.722,80.946,3.033,0.945,3.648,15.6,15.6,111.018,1,0.945,3.124,7.288,8.312,70.503,1.575,0.91,2.745,0,7.288,50,2.22,0.895,3.033,3.033,979.13,245.5,2796,169.5,1.619,1.619,292.02,16.27,-507,-30.7,4.91,4.91,1271.15,261.76,3303,200.2,16.5
0,0,1,5,0,0,245.496,1,1,4.424,5.7,5.7,157.138,1.562,0.97,4.072,9.878,4.178,116.704,2.104,0.962,3.649,15.6,5.722,80.991,3.031,0.945,3.649,15.6,15.6,111.134,1,0.945,3.249,9.288,6.312,77.804,1.428,0.929,2.744,0,9.288,50,2.223,0.895,3.031,3.031,877.41,245.5,2868,173.8,1.62,1.62,315.97,22.84,-604,-36.6,4.91,4.91,1193.38,268.33,3473,210.5,16.5
0,0,1,5,0,0,245.496,1,1,4.424,5.7,5.7,157.138,1.562,0.97,4.072,9.878,4.178,116.704,2.104,0.962,3.649,15.6,5.722,80.991,3.031,0.945,3.649,15.6,15.6,111.04,1,0.945,3.125,7.288,8.312,70.509,1.575,0.911,2.746,0,7.288,50,2.221,0.895,3.031,3.031,877.41,245.5,2795,169.4,1.62,1.62,292.13,16.28,-507,-30.7,4.91,4.91,1169.54,261.77,3302,200.1,16.5
0,0,1,5,0,0,245.496,1,1,4.424,5.7,5.7,157.138,1.562,0.97,3.909,11.878,6.178,102.706,2.39,0.944,3.646,15.6,3.722,81.214,3.023,0.94,3.646,15.6,15.6,111.066,1,0.94,3.247,9.288,6.312,77.778,1.428,0.924,2.742,0,9.288,50,2.221,0.89,3.023,3.023,877.41,245.5,2872,174,1.624,1.624,315.6,22.8,-602,-36.5,4.91,4.91,1193,268.3,3474,210.5,16.5
0,0,1,5,0,0,245.496,1,1,4.424,5.7,5.7,157.138,1.562,0.97,3.909,11.878,6.178,102.706,2.39,0.944,3.646,15.6,3.722,81.214,3.023,0.94,3.646,15.6,15.6,110.973,1,0.94,3.123,7.288,8.312,70.491,1.574,0.906,2.744,0,7.288,50,2.219,0.89,3.023,3.023,877.41,245.5,2799,169.6,1.624,1.624,291.79,16.25,-505,-30.6,4.91,4.91,1169.2,261.75,3304,200.2,16.5
0,0,1,5,0,0,245.496,1,1,4.622,3.7,3.7,181.798,1.35,0.991,3.984,10.878,7.178,109.621,2.239,0.946,3.644,15.6,4.722,81.254,3.021,0.937,3.644,15.6,15.6,111.006,1,0.937,3.244,9.288,6.312,77.755,1.428,0.921,2.741,0,9.288,50,2.22,0.888,3.021,3.021,979.13,245.5,2875,174.2,1.625,1.625,315.26,22.77,-602,-36.5,4.91,4.91,1294.39,268.27,3477,210.7,16.5
0,0,1,5,0,0,245.496,1,1,4.622,3.7,3.7,181.798,1.35,0.991,3.984,10.878,7.178,109.621,2.239,0.946,3.644,15.6,4.722,81.254,3.021,0.937,3.644,15.6,15.6,110.913,1,0.937,3.121,7.288,8.312,70.474,1.574,0.903,2.742,0,7.288,50,2.218,0.888,3.021,3.021,979.13,245.5,2802,169.8,1.625,1.625,291.49,16.23,-505,-30.6,4.91,4.91,1270.62,261.73,3306,200.4,16.5
0,0,1,5,0,0,245.496,1,1,4.622,3.7,3.7,181.798,1.35,0.991,4.158,8.878,5.178,124.462,1.972,0.973,3.648,15.6,6.722,80.894,3.035,0.945,3.648,15.6,15.6,111.102,1,0.945,3.248,9.288,6.312,77.792,1.428,0.929,2.743,0,9.288,50,2.222,0.895,3.035,3.035,979.13,245.5,2870,173.9,1.618,1.618,315.8,22.82,-605,-36.7,4.91,4.91,1294.93,268.32,3475,210.6,16.5
0,0,1,5,0,0,245.496,1,1,4.622,3.7,3.7,181.798,1.35,0.991,4.158,8.878,5.178,124.462,1.972,0.973,3.648,15.6,6.722,80.894,3.035,0.945,3.648,15.6,15.6,111.009,1,0.945,3.124,7.288,8.312,70.501,1.575,0.911,2.745,0,7.288,50,2.22,0.895,3.035,3.035,979.13,245.5,2797,169.5,1.618,1.618,291.97,16.27,-507,-30.7,4.91,4.91,1271.11,261.76,3304,200.2,16.5
0,0,1,5,0,0,245.496,1,1,4.424,5.7,5.7,157.138,1.562,0.97,3.99,10.878,5.178,109.334,2.245,0.954,3.649,15.6,4.722,81.001,3.031,0.945,3.649,15.6,15.6,111.147,1,0.945,3.249,9.288,6.312,77.809,1.428,0.929,2.745,0,9.288,50,2.223,0.895,3.031,3.031,877.41,245.5,2868,173.8,1.62,1.62,316.05,22.84,-604,-36.6,4.91,4.91,1193.45,268.34,3472,210.4,16.5
0,0,1,5,0,0,245.496,1,1,4.424,5.7,5.7,157.138,1.562,0.97,3.99,10.878,5.178,109.334,2.245,0.954,3.649,15.6,4.722,81.001,3.031,0.945,3.649,15.6,15.6,111.053,1,0.945,3.125,7.288,8.312,70.513,1.575,0.911,2.746,0,7.288,50,2.221,0.895,3.031,3.031,877.41,245.5,2795,169.4,1.62,1.62,292.19,16.28,-507,-30.7,4.91,4.91,1169.6,261.78,3301,200.1,16.5
0,0,1,5,0,0,245.496,1,1,4.424,5.7,5.7,157.138,1.562,0.97,4.154,8.878,3.178,124.885,1.966,0.966,3.644,15.6,6.722,81.2,3.023,0.939,3.644,15.6,15.6,111.024,1,0.939,3.245,9.288,6.312,77.762,1.428,0.923,2.741,0,9.288,50,2.22,0.889,3.023,3.023,877.41,245.5,2874,174.2,1.624,1.624,315.36,22.78,-602,-36.5,4.91,4.91,1192.77,268.28,3476,210.7,16.5
0,0,1,5,0,0,245.496,1,1,4.424,5.7,5.7,157.138,1.562,0.97,4.154,8.878,3.178,124.885,1.966,0.966,3.644,15.6,6.722,81.2,3.023,0.939,3.644,15.6,15.6,110.931,1,0.939,3.121,7.288,8.312,70.479,1.574,0.905,2.742,0,7.288,50,2.219,0.889,3.023,3.023,877.41,245.5,2801,169.7,1.624,1.624,291.58,16.24,-505,-30.6,4.91,4.91,1168.99,261.73,3306,200.4,16.5
0,0,1,5,0,0,245.496,1,1,4.326,6.7,6.7,146.847,1.672,0.954,3.985,10.878,4.178,109.801,2.236,0.946,3.645,15.6,4.722,81.379,3.017,0.937,3.645,15.6,15.6,111.034,1,0.937,3.245,9.288,6.312,77.765,1.428,0.921,2.742,0,9.288,50,2.221,0.887,3.017,3.017,831.16,245.5,2873,174.1,1.628,1.628,315.41,22.78,-601,-36.4,4.91,4.91,1146.57,268.28,3474,210.6,16.5
0,0,1,5,0,0,245.496,1,1,4.326,6.7,6.7,146.847,1.672,0.954,3.985,10.878,4.178,109.801,2.236,0.946,3.645,15.6,4.722,81.379,3.017,0.937,3.645,15.6,15.6,110.941,1,0.937,3.122,7.288,8.312,70.482,1.574,0.903,2.743,0,7.288,50,2.219,0.887,3.017,3.017,831.16,245.5,2800,169.7,1.628,1.628,291.63,16.24,-504,-30.5,4.91,4.91,1122.79,261.74,3304,200.3,16.5
0,0,1,5,0,0,245.496,1,1,4.523,4.7,4.7,168.739,1.455,0.983,4.159,8.878,4.178,124.479,1.972,0.973,3.648,15.6,6.722,80.899,3.035,0.945,3.648,15.6,15.6,111.115,1,0.945,3.248,9.288,6.312,77.797,1.428,0.929,2.744,0,9.288,50,2.222,0.895,3.035,3.035,926.69,245.5,2869,173.9,1.618,1.618,315.87,22.83,-605,-36.7,4.91,4.91,1242.56,268.32,3474,210.6,16.5
0,0,1,5,0,0,245.496,1,1,4.523,4.7,4.7,168.739,1.455,0.983,4.159,8.878,4.178,124.479,1.972,0.973,3.648,15.6,6.722,80.899,3.035,0.945,3.648,15.6,15.6,111.022,1,0.945,3.124,7.288,8.312,70.504,1.575,0.911,2.745,0,7.288,50,2.22,0.895,3.035,3.035,926.69,245.5,2796,169.5,1.618,1.618,292.04,16.27,-507,-30.7,4.91,4.91,1218.72,261.77,3303,200.2,16.5
0,0,1,5,0,0,245.496,1,1,4.722,2.7,2.7,196.474,1.25,0.996,4.152,8.878,6.178,124.871,1.966,0.965,3.643,15.6,6.722,81.208,3.023,0.937,3.643,15.6,15.6,110.983,1,0.937,3.244,9.288,6.312,77.746,1.428,0.921,2.74,0,9.288,50,2.22,0.888,3.023,3.023,1034.88,245.5,2876,174.3,1.624,1.624,315.13,22.76,-602,-36.5,4.91,4.91,1350.01,268.25,3478,210.8,16.5
0,0,1,5,0,0,245.496,1,1,4.722,2.7,2.7,196.474,1.25,0.996,4.152,8.878,6.178,124.871,1.966,0.965,3.643,15.6,6.722,81.208,3.023,0.937,3.643,15.6,15.6,110.89,1,0.937,3.12,7.288,8.312,70.468,1.574,0.903,2.741,0,7.288,50,2.218,0.888,3.023,3.023,1034.88,245.5,2803,169.9,1.624,1.624,291.37,16.22,-505,-30.6,4.91,4.91,1326.25,261.72,3308,200.5,16.5
0,0,1,5,0,0,245.496,1,1,4.523,4.7,4.7,168.739,1.455,0.983,3.99,10.878,6.178,109.263,2.247,0.955,3.649,15.6,4.722,80.951,3.033,0.946,3.649,15.6,15.6,111.139,1,0.946,3.249,9.288,6.312,77.806,1.428,0.929,2.744,0,9.288,50,2.223,0.895,3.033,3.033,926.69,245.5,2868,173.8,1.619,1.619,316,22.84,-605,-36.7,4.91,4.91,1242.69,268.34,3473,210.5,16.5
0,0,1,5,0,0,245.496,1,1,4.523,4.7,4.7,168.739,1.455,0.983,3.99,10.878,6.178,109.263,2.247,0.955,3.649,15.6,4.722,80.951,3.033,0.946,3.649,15.6,15.6,111.139,1,0.946,3.249,9.288,6.312,77.806,1.428,0.929,2.744,0,9.288,50,2.223,0.895,3.033,3.033,926.69,245.5,2868,173.8,1.619,1.619,316,22.84,-605,-36.7,4.91,4.91,1242.69,268.34,3473,210.5,16.5
0,0,1,5,0,0,245.496,1,1,4.523,4.7,4.7,168.739,1.455,0.983,4.074,9.878,5.178,116.46,2.108,0.966,3.694,15,5.122,83.696,2.933,0.953,3.694,15,15,109.539,1,0.953,3.287,8.688,6.312,76.336,1.435,0.936,2.808,0,8.688,50,2.191,0.907,2.933,2.933,926.69,245.5,2710,164.3,1.674,1.674,314.23,20.8,-525,-31.8,4.91,4.91,1240.92,266.29,3235,196.1,16.5
0,0,1,5,0,0,245.496,1,1,4.523,4.7,4.7,168.739,1.455,0.983,4.074,9.878,5.178,116.46,2.108,0.966,3.694,15,5.122,83.696,2.933,0.953,3.694,15,15,109.32,1,0.953,3.161,6.688,8.312,69.02,1.584,0.917,2.808,0,6.688,50,2.186,0.905,2.933,2.933,926.69,245.5,2640,160,1.674,1.674,289.89,14.5,-431,-26.1,4.91,4.91,1216.58,260,3071,186.1,16.5
0,0,1,5,0,0,245.496,1,1,4.622,3.7,3.7,181.798,1.35,0.991,4.246,7.878,4.178,133.213,1.843,0.981,3.689,15,7.122,83.872,2.927,0.946,3.689,15,15,109.436,1,0.946,3.23,7.845,7.155,73.124,1.497,0.923,2.806,0,7.845,50,2.189,0.902,2.927,2.927,979.13,245.5,2687,162.8,1.677,1.677,303.32,17.98,-486,-29.5,4.91,4.91,1282.45,263.47,3173,192.3,16.5
0,0,1,5,0,0,245.496,1,1,4.622,3.7,3.7,181.798,1.35,0.991,4.071,9.878,6.178,116.627,2.105,0.961,3.691,15,5.122,83.839,2.928,0.949,3.691,15,15,109.5,1,0.949,3.232,7.845,7.155,73.145,1.497,0.925,2.808,0,7.845,50,2.19,0.904,2.928,2.928,979.13,245.5,2684,162.6,1.677,1.677,303.67,18,-487,-29.5,4.91,4.91,1282.8,263.5,3170,192.1,16.5
0,0,1,5,0,0,245.496,1,1,4.424,5.7,5.7,157.138,1.562,0.97,4.072,9.878,4.178,116.704,2.104,0.962,3.692,15,5.122,83.887,2.926,0.949,3.692,15,15,109.522,1,0.949,3.233,7.845,7.155,73.152,1.497,0.926,2.808,0,7.845,50,2.19,0.905,2.926,2.926,877.41,245.5,2682,162.6,1.678,1.678,303.79,18.01,-487,-29.5,4.91,4.91,1181.2,263.51,3169,192.1,16.5
0,0,1,5,0,0,245.496,1,1,4.424,5.7,5.7,157.138,1.562,0.97,3.909,11.878,6.178,102.706,2.39,0.944,3.688,15,3.122,84.211,2.915,0.942,3.688,15,15,109.412,1,0.942,3.229,7.845,7.155,73.116,1.496,0.918,2.805,0,7.845,50,2.188,0.897,2.915,2.915,877.41,245.5,2688,162.9,1.684,1.684,303.18,17.97,-484,-29.3,4.91,4.91,1180.59,263.46,3172,192.3,16.5
0,0,1,5,0,0,245.496,1,1,4.622,3.7,3.7,181.798,1.35,0.991,3.984,10.878,7.178,109.621,2.239,0.946,3.686,15,4.122,84.209,2.915,0.94,3.686,15,15,109.373,1,0.94,3.227,7.845,7.155,73.104,1.496,0.917,2.804,0,7.845,50,2.187,0.896,2.915,2.915,979.13,245.5,2690,163.1,1.684,1.684,302.97,17.95,-484,-29.3,4.91,4.91,1282.11,263.45,3174,192.4,16.5
0,0,1,5,0,0,245.496,1,1,4.622,3.7,3.7,181.798,1.35,0.991,4.158,8.878,5.178,124.462,1.972,0.973,3.692,15,6.122,83.72,2.932,0.951,3.692,15,15,109.523,1,0.951,3.233,7.845,7.155,73.152,1.497,0.928,2.808,0,7.845,50,2.19,0.906,2.932,2.932,979.13,245.5,2682,162.6,1.674,1.674,303.79,18.01,-487,-29.5,4.91,4.91,1282.92,263.51,3170,192.1,16.5
0,0,1,5,0,0,245.496,1,1,4.424,5.7,5.7,157.138,1.562,0.97,3.99,10.878,5.178,109.334,2.245,0.954,3.692,15,4.122,83.952,2.924,0.948,3.692,15,15,109.509,1,0.948,3.232,7.845,7.155,73.148,1.497,0.925,2.808,0,7.845,50,2.19,0.903,2.924,2.924,877.41,245.5,2683,162.6,1.679,1.679,303.72,18.01,-486,-29.5,4.91,4.91,1181.13,263.5,3169,192.1,16.5
0,0,1,5,0,0,245.496,1,1,4.424,5.7,5.7,157.138,1.562,0.97,4.154,8.878,3.178,124.885,1.966,0.966,3.689,15,6.122,84.035,2.921,0.945,3.689,15,15,109.447,1,0.945,3.23,7.845,7.155,73.127,1.497,0.921,2.806,0,7.845,50,2.189,0.9,2.921,2.921,877.41,245.5,2686,162.8,1.681,1.681,303.38,17.98,-485,-29.4,4.91,4.91,1180.79,263.48,3172,192.2,16.5
0,0,1,5,0,0,245.496,1,1,4.326,6.7,6.7,146.847,1.672,0.954,3.985,10.878,4.178,109.801,2.236,0.946,3.687,15,4.122,84.339,2.911,0.94,3.687,15,15,109.4,1,0.94,3.228,7.845,7.155,73.112,1.496,0.917,2.805,0,7.845,50,2.188,0.896,2.911,2.911,831.16,245.5,2689,163,1.687,1.687,303.12,17.96,-483,-29.3,4.91,4.91,1134.28,263.46,3172,192.3,16.5
0,0,1,5,0,0,245.496,1,1,4.523,4.7,4.7,168.739,1.455,0.983,4.159,8.878,4.178,124.479,1.972,0.973,3.693,15,6.122,83.726,2.932,0.952,3.693,15,15,109.535,1,0.952,3.233,7.845,7.155,73.156,1.497,0.928,2.809,0,7.845,50,2.191,0.907,2.932,2.932,926.69,245.5,2682,162.5,1.675,1.675,303.86,18.02,-488,-29.5,4.91,4.91,1230.54,263.52,3169,192.1,16.5
0,0,1,5,0,0,245.496,1,1,4.722,2.7,2.7,196.474,1.25,0.996,4.152,8.878,6.178,124.871,1.966,0.965,3.687,15,6.122,84.041,2.921,0.943,3.687,15,15,109.406,1,0.943,3.229,7.845,7.155,73.114,1.496,0.92,2.805,0,7.845,50,2.188,0.899,2.921,2.921,1034.88,245.5,2689,162.9,1.681,1.681,303.16,17.96,-485,-29.4,4.91,4.91,1338.04,263.46,3174,192.3,16.5
0,0,1,5,0,0,245.496,1,1,4.523,4.7,4.7,168.739,1.455,0.983,3.99,10.878,6.178,109.263,2.247,0.955,3.691,15,4.122,83.899,2.926,0.949,3.691,15,15,109.502,1,0.949,3.232,7.845,7.155,73.145,1.497,0.925,2.808,0,7.845,50,2.19,0.904,2.926,2.926,926.69,245.5,2684,162.6,1.678,1.678,303.68,18.01,-486,-29.5,4.91,4.91,1230.36,263.5,3170,192.1,16.5
0,0,1,6,0,0,278.799,1,1,5.53,3.4,3.4,199.958,1.394,0.988,4.831,9.28,5.88,120.718,2.31,0.947,4.311,14.7,5.42,79.918,3.489,0.925,4.311,14.7,14.7,122.875,1,0.925,3.84,8.83,5.87,82.698,1.486,0.904,3.244,0,8.83,50,2.457,0.86,3.489,3.489,1321.1,278.8,2711,174.9,1.598,1.598,405.07,29.24,-676,-43.6,5.576,5.576,1726.17,308.03,3387,218.5,15.5
0,0,1,6,0,0,278.799,1,1,5.53,3.4,3.4,199.958,1.394,0.988,5.063,7.28,3.88,141.34,1.973,0.975,4.302,14.71,7.43,80.121,3.48,0.914,4.302,14.71,14.71,122.497,1,0.914,3.675,6.84,7.87,73.517,1.666,0.871,3.239,0.01,6.83,50,2.45,0.852,3.48,3.48,1321.1,278.8,2648,170.9,1.602,1.602,368.94,20.21,-565,-36.5,5.576,5.576,1690.04,299.01,3213,207.3,15.5
0,0,1,6,0,0,278.799,1,1,5.53,3.4,3.4,199.958,1.394,0.988,4.831,9.28,5.88,120.718,2.31,0.947,4.31,14.71,5.43,79.863,3.491,0.924,4.31,14.71,14.71,122.851,1,0.924,3.839,8.84,5.87,82.689,1.486,0.904,3.243,0.01,8.83,50,2.457,0.86,3.491,3.491,1321.1,278.8,2714,175.1,1.597,1.597,404.93,29.29,-679,-43.8,5.576,5.576,1726.03,308.09,3393,218.9,15.5
0,0,1,6,0,0,278.799,1,1,5.53,3.4,3.4,199.958,1.394,0.988,4.831,9.28,5.88,120.718,2.31,0.947,4.311,14.7,5.42,79.918,3.489,0.925,4.311,14.7,14.7,122.735,1,0.925,3.683,6.83,7.87,73.578,1.668,0.88,3.245,0,6.83,50,2.455,0.861,3.489,3.489,1321.1,278.8,2637,170.1,1.598,1.598,370.24,20.24,-565,-36.5,5.576,5.576,1691.34,299.04,3202,206.6,15.5
0,0,1,6,0,0,278.799,1,1,5.53,3.4,3.4,199.958,1.394,0.988,4.831,9.28,5.88,120.718,2.31,0.947,4.311,14.7,5.42,79.918,3.489,0.925,4.311,14.7,14.7,122.735,1,0.925,3.683,6.83,7.87,73.578,1.668,0.88,3.245,0,6.83,50,2.455,0.861,3.489,3.489,1321.1,278.8,2637,170.1,1.598,1.598,370.24,20.24,-565,-36.5,5.576,5.576,1691.34,299.04,3202,206.6,15.5
0,0,1,6,0,0,278.799,1,1,5.262,5.4,5.4,168.147,1.658,0.958,4.832,9.28,3.88,120.835,2.307,0.947,4.313,14.7,5.42,79.984,3.486,0.925,4.313,14.7,14.7,122.771,1,0.925,3.684,6.83,7.87,73.587,1.668,0.88,3.246,0,6.83,50,2.455,0.861,3.486,3.486,1162.64,278.8,2635,170,1.6,1.6,370.43,20.26,-565,-36.4,5.576,5.576,1533.08,299.05,3200,206.5,15.5
0,0,1,6,0,0,278.799,1,1,5.262,5.4,5.4,168.147,1.658,0.958,4.832,9.28,3.88,120.835,2.307,0.947,4.313,14.7,5.42,79.984,3.486,0.925,4.313,14.7,14.7,122.771,1,0.925,3.684,6.83,7.87,73.587,1.668,0.88,3.246,0,6.83,50,2.455,0.861,3.486,3.486,1162.64,278.8,2635,170,1.6,1.6,370.43,20.26,-565,-36.4,5.576,5.576,1533.08,299.05,3200,206.5,15.5
0,0,1,6,0,0,278.799,1,1,5.262,5.4,5.4,168.147,1.658,0.958,4.618,11.28,5.88,103.881,2.684,0.923,4.309,14.7,3.42,80.308,3.472,0.918,4.309,14.7,14.7,122.665,1,0.918,3.681,6.83,7.87,73.56,1.668,0.874,3.243,0,6.83,50,2.453,0.855,3.472,3.472,1162.64,278.8,2640,170.3,1.606,1.606,369.85,20.21,-562,-36.3,5.576,5.576,1532.5,299.01,3202,206.6,15.5
0,0,1,6,0,0,278.799,1,1,5.53,3.4,3.4,199.958,1.394,0.988,4.714,10.28,6.88,112.275,2.483,0.925,4.305,14.7,4.42,80.377,3.469,0.914,4.305,14.7,14.7,122.704,1,0.914,3.834,8.83,5.87,82.636,1.485,0.894,3.239,0,8.83,50,2.454,0.851,3.469,3.469,1321.1,278.8,2718,175.4,1.608,1.608,404.02,29.13,-671,-43.3,5.576,5.576,1725.12,307.93,3390,218.7,15.5
0,0,1,6,0,0,278.799,1,1,5.53,3.4,3.4,199.958,1.394,0.988,4.714,10.28,6.88,112.275,2.483,0.925,4.305,14.7,4.42,80.377,3.469,0.914,4.305,14.7,14.7,122.566,1,0.914,3.677,6.83,7.87,73.535,1.667,0.87,3.241,0,6.83,50,2.451,0.851,3.469,3.469,1321.1,278.8,2644,170.6,1.608,1.608,369.32,20.17,-561,-36.2,5.576,5.576,1690.42,298.97,3205,206.8,15.5
0,0,1,6,0,0,278.799,1,1,5.53,3.4,3.4,199.958,1.394,0.988,4.947,8.28,4.88,130.355,2.139,0.963,4.311,14.7,6.42,79.838,3.492,0.925,4.311,14.7,14.7,122.862,1,0.925,3.839,8.83,5.87,82.693,1.486,0.905,3.243,0,8.83,50,2.457,0.861,3.492,3.492,1321.1,278.8,2712,174.9,1.597,1.597,404.99,29.23,-677,-43.7,5.576,5.576,1726.09,308.03,3389,218.6,15.5
0,0,1,6,0,0,278.799,1,1,5.53,3.4,3.4,199.958,1.394,0.988,4.947,8.28,4.88,130.355,2.139,0.963,4.311,14.7,6.42,79.838,3.492,0.925,4.311,14.7,14.7,122.723,1,0.925,3.682,6.83,7.87,73.575,1.668,0.88,3.245,0,6.83,50,2.454,0.861,3.492,3.492,1321.1,278.8,2637,170.1,1.597,1.597,370.17,20.24,-566,-36.5,5.576,5.576,1691.27,299.03,3203,206.6,15.5
0,0,1,6,0,0,278.799,1,1,5.262,5.4,5.4,168.147,1.658,0.958,4.725,10.28,4.88,111.83,2.493,0.937,4.314,14.7,4.42,79.998,3.485,0.925,4.314,14.7,14.7,122.931,1,0.925,3.842,8.83,5.87,82.719,1.486,0.905,3.245,0,8.83,50,2.459,0.861,3.485,3.485,1162.64,278.8,2709,174.8,1.6,1.6,405.42,29.27,-676,-43.6,5.576,5.576,1568.07,308.07,3385,218.4,15.5
0,0,1,6,0,0,278.799,1,1,5.262,5.4,5.4,168.147,1.658,0.958,4.725,10.28,4.88,111.83,2.493,0.937,4.314,14.7,4.42,79.998,3.485,0.925,4.314,14.7,14.7,122.792,1,0.925,3.685,6.83,7.87,73.592,1.669,0.881,3.247,0,6.83,50,2.456,0.862,3.485,3.485,1162.64,278.8,2634,170,1.6,1.6,370.54,20.26,-565,-36.4,5.576,5.576,1533.19,299.06,3199,206.4,15.5
0,0,1,6,0,0,278.799,1,1,5.262,5.4,5.4,168.147,1.658,0.958,4.725,10.28,4.88,111.83,2.493,0.937,4.314,14.7,4.42,79.998,3.485,0.925,4.314,14.7,14.7,122.931,1,0.925,3.842,8.83,5.87,82.719,1.486,0.905,3.245,0,8.83,50,2.459,0.861,3.485,3.485,1162.64,278.8,2709,174.8,1.6,1.6,405.42,29.27,-676,-43.6,5.576,5.576,1568.07,308.07,3385,218.4,15.5
0,0,1,6,0,0,278.799,1,1,5.262,5.4,5.4,168.147,1.658,0.958,4.94,8.28,2.88,131.019,2.128,0.954,4.306,14.7,6.42,80.293,3.472,0.916,4.306,14.7,14.7,122.599,1,0.916,3.679,6.83,7.87,73.543,1.667,0.872,3.242,0,6.83,50,2.452,0.853,3.472,3.472,1162.64,278.8,2642,170.5,1.606,1.606,369.49,20.19,-562,-36.3,5.576,5.576,1532.14,298.99,3204,206.7,15.5
0,0,1,6,0,0,278.799,1,1,5.129,6.4,6.4,155.325,1.795,0.935,4.716,10.28,3.88,112.553,2.477,0.925,4.306,14.7,4.42,80.564,3.461,0.913,4.306,14.7,14.7,122.749,1,0.913,3.835,8.83,5.87,82.652,1.485,0.893,3.24,0,8.83,50,2.455,0.85,3.461,3.461,1092.11,278.8,2716,175.2,1.611,1.611,404.29,29.16,-670,-43.2,5.576,5.576,1496.4,307.96,3387,218.5,15.5
0,0,1,6,0,0,278.799,1,1,5.129,6.4,6.4,155.325,1.795,0.935,4.716,10.28,3.88,112.553,2.477,0.925,4.306,14.7,4.42,80.564,3.461,0.913,4.306,14.7,14.7,122.611,1,0.913,3.679,6.83,7.87,73.546,1.667,0.869,3.242,0,6.83,50,2.452,0.85,3.461,3.461,1092.11,278.8,2642,170.4,1.611,1.611,369.56,20.19,-560,-36.1,5.576,5.576,1461.67,298.99,3202,206.6,15.5
0,0,1,6,0,0,278.799,1,1,5.396,4.4,4.4,182.933,1.524,0.976,4.948,8.28,3.88,130.378,2.138,0.964,4.312,14.7,6.42,79.844,3.492,0.926,4.312,14.7,14.7,122.882,1,0.926,3.84,8.83,5.87,82.701,1.486,0.906,3.244,0,8.83,50,2.458,0.861,3.492,3.492,1238.86,278.8,2711,174.9,1.597,1.597,405.12,29.24,-677,-43.7,5.576,5.576,1643.98,308.04,3388,218.6,15.5
0,0,1,6,0,0,278.799,1,1,5.396,4.4,4.4,182.933,1.524,0.976,4.948,8.28,3.88,130.378,2.138,0.964,4.312,14.7,6.42,79.844,3.492,0.926,4.312,14.7,14.7,122.743,1,0.926,3.683,6.83,7.87,73.58,1.668,0.881,3.246,0,6.83,50,2.455,0.862,3.492,3.492,1238.86,278.8,2636,170.1,1.597,1.597,370.28,20.24,-566,-36.5,5.576,5.576,1609.14,299.04,3202,206.6,15.5
0,0,1,6,0,0,278.799,1,1,5.396,4.4,4.4,182.933,1.524,0.976,4.948,8.28,3.88,130.378,2.138,0.964,4.312,14.7,6.42,79.844,3.492,0.926,4.312,14.7,14.7,122.882,1,0.926,3.84,8.83,5.87,82.701,1.486,0.906,3.244,0,8.83,50,2.458,0.861,3.492,3.492,1238.86,278.8,2711,174.9,1.597,1.597,405.12,29.24,-677,-43.7,5.576,5.576,1643.98,308.04,3388,218.6,15.5
0,0,1,6,0,0,278.799,1,1,5.396,4.4,4.4,182.933,1.524,0.976,4.724,10.28,5.88,111.717,2.496,0.938,4.313,14.7,4.42,79.92,3.488,0.926,4.313,14.7,14.7,122.78,1,0.926,3.684,6.83,7.87,73.589,1.668,0.881,3.247,0,6.83,50,2.456,0.862,3.488,3.488,1238.86,278.8,2635,170,1.598,1.598,370.48,20.26,-565,-36.5,5.576,5.576,1609.34,299.06,3200,206.5,15.5
0,0,1,6,0,0,278.799,1,1,5.665,2.4,2.4,219.523,1.27,0.996,4.937,8.28,5.88,131.013,2.128,0.951,4.303,14.7,6.42,80.316,3.471,0.913,4.303,14.7,14.7,122.669,1,0.913,3.833,8.83,5.87,82.622,1.485,0.894,3.238,0,8.83,50,2.453,0.85,3.471,3.471,1409.66,278.8,2720,175.5,1.606,1.606,403.79,29.11,-672,-43.3,5.576,5.576,1813.46,307.91,3391,218.8,15.5
0,0,1,6,0,0,278.799,1,1,5.665,2.4,2.4,219.523,1.27,0.996,4.937,8.28,5.88,131.013,2.128,0.951,4.303,14.7,6.42,80.316,3.471,0.913,4.303,14.7,14.7,122.531,1,0.913,3.676,6.83,7.87,73.526,1.667,0.87,3.24,0,6.83,50,2.451,0.851,3.471,3.471,1409.66,278.8,2645,170.7,1.606,1.606,369.12,20.16,-561,-36.2,5.576,5.576,1778.79,298.96,3207,206.9,15.5
0,0,1,6,0,0,278.799,1,1,5.396,4.397,4.397,182.98,1.524,0.976,4.837,9.275,4.878,120.498,2.314,0.953,4.288,15,5.725,78.097,3.57,0.927,4.288,15,15,124.033,1,0.927,3.82,9.127,5.873,83.643,1.483,0.907,3.208,0,9.127,50,2.481,0.859,3.57,3.57,1239.1,278.8,2788,179.9,1.562,1.562,407.23,30.71,-732,-47.2,5.576,5.576,1646.33,309.51,3520,227.1,15.5
0,0,1,6,0,0,278.818,1,1,5.396,4.397,4.397,182.993,1.524,0.976,4.837,9.275,4.878,120.507,2.314,0.953,4.288,15,5.725,78.102,3.57,0.927,4.288,15,15,123.992,1,0.927,3.664,7.127,7.873,74.52,1.664,0.883,3.211,0,7.127,50,2.48,0.861,3.57,3.57,1239.19,278.82,2712,175,1.562,1.562,372.71,21.5,-618,-39.9,5.576,5.576,1611.89,300.32,3331,214.9,15.5
0,0,1,6,0,0,278.818,1,1,5.53,3.397,3.397,200.027,1.394,0.989,5.064,7.275,3.878,141.408,1.972,0.975,4.272,15,7.725,78.672,3.544,0.908,4.272,15,15,123.8,1,0.908,3.708,7.845,7.155,77.576,1.596,0.875,3.202,0,7.845,50,2.476,0.846,3.544,3.544,1321.45,278.82,2755,177.7,1.573,1.573,383.03,24.47,-656,-42.3,5.576,5.576,1704.48,303.28,3411,220.1,15.5
0,0,1,6,0,0,278.818,1,1,5.53,3.397,3.397,200.027,1.394,0.989,4.831,9.275,5.878,120.773,2.309,0.947,4.283,15,5.725,78.312,3.56,0.921,4.283,15,15,124.079,1,0.921,3.716,7.845,7.155,77.659,1.598,0.887,3.209,0,7.845,50,2.482,0.858,3.56,3.56,1321.45,278.82,2743,177,1.566,1.566,384.61,24.6,-661,-42.6,5.576,5.576,1706.06,303.42,3404,219.6,15.5
0,0,1,6,0,0,278.818,1,1,5.263,5.397,5.397,168.2,1.658,0.958,4.833,9.275,3.878,120.89,2.306,0.947,4.285,15,5.725,78.375,3.557,0.921,4.285,15,15,124.116,1,0.921,3.718,7.845,7.155,77.67,1.598,0.887,3.21,0,7.845,50,2.482,0.858,3.557,3.557,1162.94,278.82,2742,176.9,1.568,1.568,384.82,24.62,-661,-42.6,5.576,5.576,1547.76,303.44,3403,219.5,15.5
0,0,1,6,0,0,278.818,1,1,5.263,5.397,5.397,168.2,1.658,0.958,4.618,11.275,5.878,103.925,2.683,0.923,4.282,15,3.725,78.62,3.546,0.916,4.282,15,15,124.049,1,0.916,3.716,7.845,7.155,77.65,1.598,0.883,3.208,0,7.845,50,2.481,0.854,3.546,3.546,1162.94,278.82,2745,177.1,1.572,1.572,384.44,24.59,-658,-42.5,5.576,5.576,1547.39,303.4,3403,219.5,15.5
0,0,1,6,0,0,278.818,1,1,5.53,3.397,3.397,200.027,1.394,0.989,4.715,10.275,6.878,112.325,2.482,0.925,4.277,15,4.725,78.722,3.542,0.911,4.277,15,15,123.929,1,0.911,3.712,7.845,7.155,77.615,1.597,0.878,3.205,0,7.845,50,2.479,0.85,3.542,3.542,1321.45,278.82,2750,177.4,1.574,1.574,383.76,24.53,-657,-42.4,5.576,5.576,1705.22,303.35,3406,219.8,15.5
0,0,1,6,0,0,278.818,1,1,5.53,3.397,3.397,200.027,1.394,0.989,4.947,8.275,4.878,130.416,2.138,0.963,4.282,15,6.725,78.283,3.562,0.92,4.282,15,15,124.038,1,0.92,3.715,7.845,7.155,77.647,1.597,0.886,3.208,0,7.845,50,2.481,0.857,3.562,3.562,1321.45,278.82,2745,177.1,1.566,1.566,384.38,24.58,-661,-42.6,5.576,5.576,1705.83,303.4,3406,219.7,15.5
0,0,1,6,0,0,278.818,1,1,5.263,5.397,5.397,168.2,1.658,0.958,4.725,10.275,4.878,111.879,2.492,0.937,4.287,15,4.725,78.347,3.559,0.923,4.287,15,15,124.16,1,0.923,3.719,7.845,7.155,77.683,1.598,0.889,3.211,0,7.845,50,2.483,0.86,3.559,3.559,1162.94,278.82,2740,176.8,1.567,1.567,385.07,24.64,-661,-42.7,5.576,5.576,1548.01,303.46,3401,219.4,15.5
0,0,1,6,0,0,278.818,1,1,5.263,5.397,5.397,168.2,1.658,0.958,4.941,8.275,2.878,131.08,2.127,0.954,4.277,15,6.725,78.73,3.541,0.911,4.277,15,15,123.912,1,0.911,3.711,7.845,7.155,77.609,1.597,0.878,3.205,0,7.845,50,2.478,0.849,3.541,3.541,1162.94,278.82,2750,177.4,1.575,1.575,383.66,24.52,-657,-42.4,5.576,5.576,1546.61,303.34,3407,219.8,15.5
0,0,1,6,0,0,278.818,1,1,5.129,6.397,6.397,155.371,1.795,0.935,4.717,10.275,3.878,112.601,2.476,0.925,4.279,15,4.725,78.903,3.534,0.911,4.279,15,15,123.975,1,0.911,3.713,7.845,7.155,77.628,1.597,0.877,3.206,0,7.845,50,2.48,0.849,3.534,3.534,1092.39,278.82,2748,177.3,1.578,1.578,384.02,24.55,-655,-42.3,5.576,5.576,1476.41,303.37,3403,219.6,15.5
0,0,1,6,0,0,278.818,1,1,5.396,4.397,4.397,182.993,1.524,0.976,4.948,8.275,3.878,130.439,2.138,0.964,4.283,15,6.725,78.289,3.561,0.921,4.283,15,15,124.059,1,0.921,3.716,7.845,7.155,77.653,1.598,0.887,3.209,0,7.845,50,2.481,0.858,3.561,3.561,1239.19,278.82,2744,177,1.566,1.566,384.5,24.59,-661,-42.7,5.576,5.576,1623.68,303.41,3405,219.7,15.5
0,0,1,6,0,0,278.818,1,1,5.396,4.397,4.397,182.993,1.524,0.976,4.725,10.275,5.878,111.766,2.495,0.938,4.286,15,4.725,78.272,3.562,0.924,4.286,15,15,124.148,1,0.924,3.719,7.845,7.155,77.68,1.598,0.89,3.211,0,7.845,50,2.483,0.861,3.562,3.562,1239.19,278.82,2741,176.8,1.565,1.565,385,24.63,-662,-42.7,5.576,5.576,1624.18,303.45,3402,219.5,15.5
0,0,1,6,0,0,278.818,1,1,5.665,2.397,2.397,219.601,1.27,0.996,4.938,8.275,5.878,131.075,2.127,0.951,4.274,15,6.725,78.755,3.54,0.908,4.274,15,15,123.842,1,0.908,3.709,7.845,7.155,77.589,1.596,0.875,3.203,0,7.845,50,2.477,0.847,3.54,3.54,1410.04,278.82,2753,177.6,1.575,1.575,383.27,24.49,-656,-42.3,5.576,5.576,1793.31,303.3,3409,219.9,15.5
0,0,1,7,0,0,316.433,1,1,6.442,3.08,3.08,222.528,1.422,0.987,5.888,6.63,3.55,153.599,2.06,0.971,4.956,13.71,7.08,82.177,3.851,0.893,4.956,13.71,13.71,131.872,1,0.893,4.418,8.31,5.4,86.512,1.524,0.87,3.73,0,8.31,50,2.637,0.819,3.851,3.851,1739.2,316.43,2580,172,1.644,1.644,493.48,34.65,-696,-46.4,6.329,6.329,2232.67,351.08,3276,218.4,15
0,0,1,7,0,0,316.433,1,1,6.442,3.08,3.08,222.528,1.422,0.987,5.89,6.62,3.54,153.747,2.058,0.971,4.958,13.7,7.08,82.245,3.847,0.893,4.958,13.7,13.7,131.639,1,0.893,4.225,6.31,7.39,75.639,1.74,0.841,3.734,0,6.31,50,2.633,0.82,3.847,3.847,1739.2,316.43,2501,166.8,1.645,1.645,445.91,23.21,-576,-38.4,6.329,6.329,2185.11,339.64,3077,205.1,15
0,0,1,7,0,0,316.433,1,1,6.442,3.08,3.08,222.528,1.422,0.987,5.588,8.62,5.54,128.138,2.469,0.934,4.971,13.7,5.08,81.869,3.865,0.906,4.971,13.7,13.7,132.14,1,0.906,4.431,8.31,5.39,86.645,1.525,0.884,3.74,0,8.31,50,2.643,0.831,3.865,3.865,1739.2,316.43,2567,171.1,1.637,1.637,495.8,34.85,-699,-46.6,6.329,6.329,2234.99,351.29,3266,217.7,15
0,0,1,7,0,0,316.433,1,1,6.442,3.08,3.08,222.528,1.422,0.987,5.588,8.62,5.54,128.138,2.469,0.934,4.971,13.7,5.08,81.869,3.865,0.906,4.971,13.7,13.7,131.954,1,0.906,4.235,6.31,7.39,75.715,1.743,0.853,3.742,0,6.31,50,2.639,0.832,3.865,3.865,1739.2,316.43,2490,166,1.637,1.637,447.78,23.34,-580,-38.7,6.329,6.329,2186.97,339.77,3070,204.7,15
0,0,1,7,0,0,316.433,1,1,6.092,5.08,5.08,182.129,1.737,0.947,5.589,8.63,3.55,128.191,2.468,0.934,4.972,13.71,5.08,81.896,3.864,0.907,4.972,13.71,13.71,132.241,1,0.907,4.431,8.31,5.4,86.643,1.526,0.884,3.74,0,8.31,50,2.645,0.831,3.864,3.864,1502.72,316.43,2567,171.1,1.638,1.638,496,34.88,-700,-46.7,6.329,6.329,1998.72,351.32,3267,217.8,15
0,0,1,7,0,0,316.433,1,1,6.092,5.08,5.08,182.129,1.737,0.947,5.59,8.62,3.54,128.309,2.466,0.934,4.973,13.7,5.08,81.962,3.861,0.907,4.973,13.7,13.7,132.004,1,0.907,4.237,6.31,7.39,75.727,1.743,0.854,3.744,0,6.31,50,2.64,0.832,3.861,3.861,1502.72,316.43,2488,165.9,1.639,1.639,448.07,23.36,-580,-38.6,6.329,6.329,1950.8,339.79,3068,204.5,15
0,0,1,7,0,0,316.433,1,1,6.092,5.08,5.08,182.129,1.737,0.947,5.316,10.62,5.54,107.803,2.935,0.903,4.967,13.7,3.08,82.406,3.84,0.897,4.967,13.7,13.7,132.037,1,0.897,4.427,8.31,5.39,86.608,1.525,0.875,3.737,0,8.31,50,2.641,0.823,3.84,3.84,1502.72,316.43,2570,171.3,1.648,1.648,495.1,34.79,-694,-46.3,6.329,6.329,1997.82,351.22,3264,217.6,15
0,0,1,7,0,0,316.433,1,1,6.092,5.08,5.08,182.129,1.737,0.947,5.316,10.62,5.54,107.803,2.935,0.903,4.967,13.7,3.08,82.406,3.84,0.897,4.967,13.7,13.7,131.853,1,0.897,4.232,6.31,7.39,75.69,1.742,0.845,3.74,0,6.31,50,2.637,0.824,3.84,3.84,1502.72,316.43,2494,166.3,1.648,1.648,447.18,23.3,-576,-38.4,6.329,6.329,1949.9,339.73,3070,204.6,15
0,0,1,7,0,0,316.433,1,1,6.442,3.08,3.08,222.528,1.422,0.987,5.437,9.62,6.54,117.979,2.682,0.905,4.96,13.7,4.08,82.521,3.835,0.892,4.96,13.7,13.7,131.891,1,0.892,4.422,8.31,5.39,86.556,1.524,0.87,3.733,0,8.31,50,2.638,0.818,3.835,3.835,1739.2,316.43,2575,171.7,1.65,1.65,494.09,34.69,-692,-46.2,6.329,6.329,2233.29,351.13,3268,217.9,15
0,0,1,7,0,0,316.433,1,1,6.442,3.08,3.08,222.528,1.422,0.987,5.437,9.62,6.54,117.979,2.682,0.905,4.96,13.7,4.08,82.521,3.835,0.892,4.96,13.7,13.7,131.707,1,0.892,4.227,6.31,7.39,75.655,1.741,0.84,3.736,0,6.31,50,2.634,0.819,3.835,3.835,1739.2,316.43,2499,166.6,1.65,1.65,446.32,23.24,-574,-38.3,6.329,6.329,2185.51,339.67,3073,204.9,15
0,0,1,7,0,0,316.433,1,1,6.442,3.08,3.08,222.528,1.422,0.987,5.739,7.62,4.54,139.974,2.261,0.956,4.97,13.7,6.08,81.758,3.87,0.907,4.97,13.7,13.7,132.12,1,0.907,4.43,8.31,5.39,86.638,1.525,0.884,3.739,0,8.31,50,2.642,0.832,3.87,3.87,1739.2,316.43,2567,171.2,1.635,1.635,495.67,34.84,-700,-46.7,6.329,6.329,2234.86,351.27,3267,217.8,15
0,0,1,7,0,0,316.433,1,1,6.442,3.08,3.08,222.528,1.422,0.987,5.739,7.62,4.54,139.974,2.261,0.956,4.97,13.7,6.08,81.758,3.87,0.907,4.97,13.7,13.7,131.935,1,0.907,4.235,6.31,7.39,75.71,1.743,0.854,3.742,0,6.31,50,2.639,0.832,3.87,3.87,1739.2,316.43,2491,166.1,1.635,1.635,447.66,23.33,-581,-38.7,6.329,6.329,2186.86,339.76,3072,204.8,15
0,0,1,7,0,0,316.433,1,1,6.092,5.08,5.08,182.129,1.737,0.947,5.453,9.62,4.54,117.322,2.697,0.921,4.974,13.7,4.08,81.976,3.86,0.908,4.974,13.7,13.7,132.221,1,0.908,4.434,8.31,5.39,86.674,1.526,0.885,3.742,0,8.31,50,2.644,0.832,3.86,3.86,1502.72,316.43,2564,170.9,1.64,1.64,496.36,34.91,-699,-46.6,6.329,6.329,1999.08,351.34,3263,217.5,15
0,0,1,7,0,0,316.433,1,1,6.092,5.08,5.08,182.129,1.737,0.947,5.453,9.62,4.54,117.322,2.697,0.921,4.974,13.7,4.08,81.976,3.86,0.908,4.974,13.7,13.7,132.035,1,0.908,4.238,6.31,7.39,75.734,1.743,0.854,3.744,0,6.31,50,2.641,0.833,3.86,3.86,1502.72,316.43,2487,165.8,1.64,1.64,448.25,23.37,-580,-38.6,6.329,6.329,1950.98,339.8,3067,204.5,15
0,0,1,7,0,0,316.433,1,1,6.092,5.08,5.08,182.129,1.737,0.947,5.452,9.63,4.55,117.22,2.699,0.921,4.973,13.71,4.08,81.911,3.863,0.908,4.973,13.71,13.71,132.271,1,0.908,4.432,8.31,5.4,86.654,1.526,0.885,3.741,0,8.31,50,2.645,0.832,3.863,3.863,1502.72,316.43,2566,171.1,1.638,1.638,496.21,34.9,-700,-46.7,6.329,6.329,1998.93,351.34,3266,217.8,15
0,0,1,7,0,0,316.433,1,1,6.092,5.08,5.08,182.129,1.737,0.947,5.729,7.62,2.54,140.965,2.245,0.942,4.962,13.7,6.08,82.408,3.84,0.894,4.962,13.7,13.7,131.753,1,0.894,4.229,6.31,7.39,75.666,1.741,0.842,3.737,0,6.31,50,2.635,0.821,3.84,3.84,1502.72,316.43,2497,166.5,1.648,1.648,446.59,23.26,-575,-38.4,6.329,6.329,1949.31,339.69,3073,204.8,15
0,0,1,7,0,0,316.433,1,1,5.917,6.08,6.08,166.404,1.902,0.915,5.44,9.62,3.54,118.385,2.673,0.904,4.963,13.7,4.08,82.789,3.822,0.891,4.963,13.7,13.7,131.951,1,0.891,4.424,8.31,5.39,86.578,1.524,0.869,3.735,0,8.31,50,2.639,0.817,3.822,3.822,1399.66,316.43,2573,171.6,1.656,1.656,494.51,34.73,-690,-46,6.329,6.329,1894.17,351.16,3264,217.6,15
0,0,1,7,0,0,316.433,1,1,5.917,6.08,6.08,166.404,1.902,0.915,5.44,9.62,3.54,118.385,2.673,0.904,4.963,13.7,4.08,82.789,3.822,0.891,4.963,13.7,13.7,131.768,1,0.891,4.229,6.31,7.39,75.67,1.741,0.839,3.737,0,6.31,50,2.635,0.818,3.822,3.822,1399.66,316.43,2497,166.5,1.656,1.656,446.67,23.26,-573,-38.2,6.329,6.329,1846.34,339.69,3070,204.6,15
0,0,1,7,0,0,316.433,1,1,6.267,4.08,4.08,200.677,1.577,0.971,5.74,7.62,3.54,140.005,2.26,0.957,4.971,13.7,6.08,81.765,3.87,0.908,4.971,13.7,13.7,132.149,1,0.908,4.431,8.31,5.39,86.648,1.525,0.885,3.74,0,8.31,50,2.643,0.832,3.87,3.87,1615.66,316.43,2566,171.1,1.635,1.635,495.86,34.86,-700,-46.7,6.329,6.329,2111.53,351.29,3266,217.8,15
0,0,1,7,0,0,316.433,1,1,6.267,4.08,4.08,200.677,1.577,0.971,5.74,7.62,3.54,140.005,2.26,0.957,4.971,13.7,6.08,81.765,3.87,0.908,4.971,13.7,13.7,131.964,1,0.908,4.236,6.31,7.39,75.717,1.743,0.855,3.743,0,6.31,50,2.639,0.833,3.87,3.87,1615.66,316.43,2490,166,1.635,1.635,447.83,23.34,-581,-38.7,6.329,6.329,2063.5,339.77,3071,204.7,15
0,0,1,7,0,0,316.433,1,1,6.267,4.08,4.08,200.677,1.577,0.971,5.452,9.62,5.54,117.153,2.701,0.922,4.974,13.7,4.08,81.861,3.865,0.909,4.974,13.7,13.7,132.205,1,0.909,4.433,8.31,5.39,86.668,1.525,0.886,3.742,0,8.31,50,2.644,0.833,3.865,3.865,1615.66,316.43,2564,171,1.637,1.637,496.25,34.9,-700,-46.6,6.329,6.329,2111.91,351.33,3264,217.6,15
0,0,1,7,0,0,316.433,1,1,6.267,4.08,4.08,200.677,1.577,0.971,5.452,9.62,5.54,117.153,2.701,0.922,4.974,13.7,4.08,81.861,3.865,0.909,4.974,13.7,13.7,132.019,1,0.909,4.237,6.31,7.39,75.73,1.743,0.855,3.744,0,6.31,50,2.64,0.834,3.865,3.865,1615.66,316.43,2488,165.9,1.637,1.637,448.16,23.36,-580,-38.7,6.329,6.329,2063.82,339.8,3068,204.6,15
0,0,1,7,0,0,316.433,1,1,6.619,2.08,2.08,248.209,1.275,0.996,5.723,7.62,5.54,140.978,2.245,0.938,4.958,13.7,6.08,82.454,3.838,0.891,4.958,13.7,13.7,131.839,1,0.891,4.42,8.31,5.39,86.538,1.523,0.869,3.732,0,8.31,50,2.637,0.817,3.838,3.838,1873.96,316.43,2577,171.8,1.649,1.649,493.73,34.66,-693,-46.2,6.329,6.329,2367.69,351.09,3270,218,15
0,0,1,7,0,0,316.433,1,1,6.619,2.08,2.08,248.209,1.275,0.996,5.723,7.62,5.54,140.978,2.245,0.938,4.958,13.7,6.08,82.454,3.838,0.891,4.958,13.7,13.7,131.656,1,0.891,4.226,6.31,7.39,75.643,1.74,0.839,3.734,0,6.31,50,2.633,0.818,3.838,3.838,1873.96,316.43,2501,166.7,1.649,1.649,446.01,23.22,-574,-38.3,6.329,6.329,2319.97,339.65,3075,205,15
0,0,1,7,0,0,316.433,1,1,6.268,4.076,4.076,200.758,1.576,0.971,5.596,8.621,4.545,127.726,2.477,0.942,4.824,15,6.379,73.886,4.283,0.891,4.824,15,15,137.633,1,0.891,4.308,9.605,5.395,91.325,1.507,0.871,3.544,0,9.605,50,2.753,0.801,4.283,4.283,1616.13,316.43,2940,196,1.478,1.478,505.1,42.85,-990,-66,6.329,6.329,2121.23,359.28,3930,262,15
0,0,1,7,0,0,316.454,1,1,6.268,4.076,4.076,200.772,1.576,0.971,5.596,8.621,4.545,127.735,2.477,0.942,4.824,15,6.379,73.891,4.283,0.891,4.824,15,15,138.093,1,0.891,4.122,7.605,7.395,80.445,1.717,0.843,3.553,0,7.605,50,2.762,0.81,4.283,4.283,1616.25,316.45,2856,190.4,1.478,1.478,459.75,30.23,-860,-57.4,6.329,6.329,2076,346.68,3717,247.8,15
0,0,1,7,0,0,316.454,1,1,6.443,3.076,3.076,222.638,1.421,0.987,5.89,6.621,3.545,153.743,2.058,0.971,4.789,15,8.379,75.178,4.209,0.852,4.789,15,15,137.246,1,0.852,4.117,7.845,7.155,81.441,1.685,0.81,3.532,0,7.845,50,2.745,0.776,4.209,4.209,1739.83,316.45,2897,193.1,1.504,1.504,460,31.17,-858,-57.2,6.329,6.329,2199.83,347.62,3755,250.3,15
0,0,1,7,0,0,316.454,1,1,6.443,3.076,3.076,222.638,1.421,0.987,5.587,8.621,5.545,128.139,2.47,0.934,4.817,15,6.379,74.181,4.266,0.883,4.817,15,15,137.992,1,0.883,4.139,7.845,7.155,81.648,1.69,0.839,3.549,0,7.845,50,2.76,0.803,4.266,4.266,1739.83,316.45,2871,191.4,1.484,1.484,464.33,31.56,-875,-58.3,6.329,6.329,2204.16,348.01,3746,249.7,15
0,0,1,7,0,0,316.454,1,1,6.093,5.076,5.076,182.209,1.737,0.947,5.59,8.621,3.545,128.302,2.466,0.934,4.819,15,6.379,74.257,4.262,0.884,4.819,15,15,138.048,1,0.884,4.141,7.845,7.155,81.664,1.69,0.84,3.55,0,7.845,50,2.761,0.804,4.262,4.262,1503.26,316.45,2870,191.3,1.485,1.485,464.66,31.59,-874,-58.3,6.329,6.329,1967.92,348.04,3744,249.6,15
0,0,1,7,0,0,316.454,1,1,6.093,5.076,5.076,182.209,1.737,0.947,5.316,10.621,5.545,107.801,2.936,0.903,4.824,15,4.379,74.225,4.263,0.888,4.824,15,15,138.179,1,0.888,4.144,7.845,7.155,81.7,1.691,0.844,3.553,0,7.845,50,2.764,0.807,4.263,4.263,1503.26,316.45,2865,191,1.485,1.485,465.42,31.65,-875,-58.4,6.329,6.329,1968.68,348.11,3740,249.4,15
0,0,1,7,0,0,316.454,1,1,6.093,5.076,5.076,182.209,1.737,0.947,5.316,10.621,5.545,107.801,2.936,0.903,4.824,15,4.379,74.225,4.263,0.888,4.824,15,15,138.179,1,0.888,4.144,7.845,7.155,81.7,1.691,0.844,3.553,0,7.845,50,2.764,0.807,4.263,4.263,1503.26,316.45,2865,191,1.485,1.485,465.42,31.65,-875,-58.4,6.329,6.329,1968.68,348.11,3740,249.4,15
0,0,1,7,0,0,316.454,1,1,6.093,5.076,5.076,182.209,1.737,0.947,5.728,7.621,2.545,140.956,2.245,0.942,4.802,15,7.379,74.972,4.221,0.863,4.802,15,15,137.588,1,0.863,4.127,7.845,7.155,81.536,1.687,0.821,3.54,0,7.845,50,2.752,0.786,4.221,4.221,1503.26,316.45,2885,192.3,1.499,1.499,461.99,31.35,-863,-57.5,6.329,6.329,1965.25,347.8,3748,249.9,15
0,0,1,7,0,0,316.454,1,1,5.918,6.076,6.076,166.474,1.901,0.916,5.44,9.621,3.545,118.377,2.673,0.904,4.816,15,5.379,74.769,4.232,0.875,4.816,15,15,137.958,1,0.875,4.138,7.845,7.155,81.639,1.69,0.832,3.548,0,7.845,50,2.759,0.796,4.232,4.232,1400.15,316.45,2873,191.5,1.495,1.495,464.13,31.54,-867,-57.8,6.329,6.329,1864.29,347.99,3740,249.3,15
0,0,1,7,0,0,316.454,1,1,6.268,4.076,4.076,200.772,1.576,0.971,5.74,7.621,3.545,140,2.26,0.957,4.81,15,7.379,74.379,4.255,0.876,4.81,15,15,137.811,1,0.876,4.134,7.845,7.155,81.598,1.689,0.833,3.545,0,7.845,50,2.756,0.797,4.255,4.255,1616.25,316.45,2878,191.8,1.488,1.488,463.28,31.46,-871,-58.1,6.329,6.329,2079.53,347.92,3749,249.9,15
0,0,1,7,0,0,316.454,1,1,6.268,4.076,4.076,200.772,1.576,0.971,5.452,9.621,5.545,117.152,2.701,0.922,4.826,15,5.379,73.922,4.281,0.893,4.826,15,15,138.225,1,0.893,4.146,7.845,7.155,81.713,1.692,0.848,3.554,0,7.845,50,2.765,0.811,4.281,4.281,1616.25,316.45,2864,190.9,1.478,1.478,465.69,31.68,-879,-58.6,6.329,6.329,2081.93,348.13,3743,249.5,15
0,0,1,7,0,0,316.454,1,1,6.62,2.076,2.076,248.337,1.274,0.996,5.723,7.621,5.545,140.982,2.245,0.938,4.798,15,7.379,75.026,4.218,0.86,4.798,15,15,137.482,1,0.86,4.124,7.845,7.155,81.507,1.687,0.818,3.537,0,7.845,50,2.75,0.783,4.218,4.218,1874.65,316.45,2889,192.6,1.501,1.501,461.37,31.29,-861,-57.4,6.329,6.329,2336.02,347.75,3750,250,15
