粘性,钝度,二维,外-激波后第0激波后马赫数,外-激波后第0激波后方向角,外-激波后第0激波后压缩角,外-激波后第0激波后流道高H,外-激波后第0激波后收缩比,外-激波后第0激波后sigma,外-激波后第1激波后马赫数,外-激波后第1激波后方向角,外-激波后第1激波后压缩角,外-激波后第1激波后流道高H,外-激波后第1激波后收缩比,外-激波后第1激波后sigma,外-激波后第2激波后马赫数,外-激波后第2激波后方向角,外-激波后第2激波后压缩角,外-激波后第2激波后流道高H,外-激波后第2激波后收缩比,外-激波后第2激波后sigma,外-激波后第3激波后马赫数,外-激波后第3激波后方向角,外-激波后第3激波后压缩角,外-激波后第3激波后流道高H,外-激波后第3激波后收缩比,外-激波后第3激波后sigma,内-激波后第0激波后马赫数,内-激波后第0激波后方向角,内-激波后第0激波后压缩角,内-激波后第0激波后流道高H,内-激波后第0激波后收缩比,内-激波后第0激波后sigma,内-激波后第1激波后马赫数,内-激波后第1激波后方向角,内-激波后第1激波后压缩角,内-激波后第1激波后流道高H,内-激波后第1激波后收缩比,内-激波后第1激波后sigma,内-激波后第2激波后马赫数,内-激波后第2激波后方向角,内-激波后第2激波后压缩角,内-激波后第2激波后流道高H,内-激波后第2激波后收缩比,内-激波后第2激波后sigma,压缩位置外压缩段风轴Cr,压缩位置外压缩段体轴Cr,压缩位置外压缩段长度,压缩位置外压缩段高度,压缩位置外压缩段阻力,压缩位置外压缩段比阻,压缩位置内压缩段风轴Cr,压缩位置内压缩段体轴Cr,压缩位置内压缩段长度,压缩位置内压缩段高度,压缩位置内压缩段阻力,压缩位置内压缩段比阻,压缩位置总_压_缩风轴Cr,压缩位置总_压_缩体轴Cr,压缩位置总_压_缩长度,压缩位置总_压_缩高度,压缩位置总_压_缩阻力,压缩位置总_压_缩比阻2,每米宽度流量,压缩位置总_压_缩比阻
0.0,0.0,1.0,6.0,0.0,0.0,278.818,1.0,1.0,5.624,2.7,2.7,213.383,1.307,0.994,4.989,7.878,5.178,134.907,2.067,0.963,4.216,15.6,7.722,75.673,3.685,0.899,4.216,15.6,15.6,124.995,1.0,0.899,3.826,10.6,5.0,89.448,1.397,0.887,3.115,0.0,10.6,50.0,2.5,0.818,3.685,3.685,1382.51,278.82,3010.0,194.2,1.513,1.513,421.18,37.82,-875.0,-56.4,5.576,5.576,1803.69,316.64,3885.0,250.6,15.5,137.79999999999998
0.0,0.0,1.0,6.0,0.0,0.0,278.818,1.0,1.0,5.624,2.7,2.7,213.383,1.307,0.994,4.989,7.878,5.178,134.907,2.067,0.963,4.216,15.6,7.722,75.673,3.685,0.899,4.216,15.6,15.6,125.888,1.0,0.899,3.651,8.288,7.312,78.67,1.6,0.865,3.128,0.0,8.288,50.0,2.518,0.834,3.685,3.685,1382.51,278.82,2915.0,188.0,1.513,1.513,383.44,26.36,-757.0,-48.8,5.576,5.576,1765.95,305.17,3672.0,236.9,15.5,139.2
0.0,0.0,1.0,6.0,0.0,0.0,278.818,1.0,1.0,5.624,2.7,2.7,213.383,1.307,0.994,4.989,7.878,5.178,134.907,2.067,0.963,4.216,15.6,7.722,75.673,3.685,0.899,4.216,15.6,15.6,124.682,1.0,0.899,3.476,6.0,9.6,69.108,1.804,0.83,3.119,0.0,6.0,50.0,2.494,0.819,3.685,3.685,1382.51,278.82,2831.0,182.7,1.513,1.513,344.41,16.71,-589.0,-38.0,5.576,5.576,1726.92,295.53,3420.0,220.6,15.5,144.7
0.0,0.0,1.0,6.0,0.0,0.0,278.818,1.0,1.0,5.624,2.7,2.7,213.383,1.307,0.994,4.989,7.878,5.178,134.907,2.067,0.963,4.216,15.6,7.722,75.673,3.685,0.899,4.216,15.6,15.6,122.274,1.0,0.899,3.323,4.0,11.6,61.772,1.979,0.789,3.096,0.0,4.0,50.0,2.445,0.786,3.685,3.685,1382.51,278.82,2766.0,178.5,1.513,1.513,310.72,9.81,-409.0,-26.4,5.576,5.576,1693.24,288.62,3175.0,204.8,15.5,152.1
0.0,0.0,1.0,6.0,0.0,0.0,278.818,1.0,1.0,5.624,2.7,2.7,213.383,1.307,0.994,4.989,7.878,5.178,134.907,2.067,0.963,4.216,15.6,7.722,75.673,3.685,0.899,4.216,15.6,15.6,118.976,1.0,0.899,3.169,2.0,13.6,55.414,2.147,0.74,3.061,0.0,2.0,50.0,2.38,0.74,3.685,3.685,1382.51,278.82,2707.0,174.7,1.513,1.513,278.69,4.28,-210.0,-13.5,5.576,5.576,1661.2,283.1,2917.0,188.2,15.5,161.2
0.0,0.0,1.0,6.0,0.0,0.0,278.818,1.0,1.0,5.624,2.7,2.7,213.383,1.307,0.994,4.989,7.878,5.178,134.907,2.067,0.963,4.216,15.6,7.722,75.673,3.685,0.899,4.216,15.6,15.6,115.131,1.0,0.899,3.015,0.0,15.6,50.0,2.303,0.685,3.015,0.0,0.0,50.0,2.303,0.685,3.685,3.685,1382.51,278.82,2655.0,171.3,1.513,1.513,249.04,0.0,0.0,0.0,5.576,5.576,1631.55,278.82,2655.0,171.3,15.5,171.3
0.0,0.0,1.0,6.0,0.0,0.0,278.818,1.0,1.0,5.624,2.7,2.7,213.383,1.307,0.994,4.869,8.878,6.178,124.965,2.231,0.944,4.221,15.6,6.722,75.602,3.688,0.903,4.221,15.6,15.6,125.104,1.0,0.903,3.83,10.6,5.0,89.496,1.398,0.891,3.118,0.0,10.6,50.0,2.502,0.822,3.688,3.688,1382.51,278.82,3005.0,193.9,1.512,1.512,421.89,37.9,-876.0,-56.5,5.576,5.576,1804.4,316.72,3882.0,250.4,15.5,137.4
0.0,0.0,1.0,6.0,0.0,0.0,278.818,1.0,1.0,5.624,2.7,2.7,213.383,1.307,0.994,4.869,8.878,6.178,124.965,2.231,0.944,4.221,15.6,6.722,75.602,3.688,0.903,4.221,15.6,15.6,126.0,1.0,0.903,3.654,8.288,7.312,78.704,1.601,0.869,3.13,0.0,8.288,50.0,2.52,0.838,3.688,3.688,1382.51,278.82,2910.0,187.7,1.512,1.512,384.06,26.41,-759.0,-48.9,5.576,5.576,1766.57,305.23,3669.0,236.7,15.5,138.79999999999998
0.0,0.0,1.0,6.0,0.0,0.0,278.818,1.0,1.0,5.624,2.7,2.7,213.383,1.307,0.994,4.869,8.878,6.178,124.965,2.231,0.944,4.221,15.6,6.722,75.602,3.688,0.903,4.221,15.6,15.6,124.79,1.0,0.903,3.48,6.0,9.6,69.13,1.805,0.834,3.122,0.0,6.0,50.0,2.496,0.823,3.688,3.688,1382.51,278.82,2827.0,182.4,1.512,1.512,344.93,16.74,-590.0,-38.0,5.576,5.576,1727.44,295.56,3416.0,220.4,15.5,144.4
0.0,0.0,1.0,6.0,0.0,0.0,278.818,1.0,1.0,5.624,2.7,2.7,213.383,1.307,0.994,4.869,8.878,6.178,124.965,2.231,0.944,4.221,15.6,6.722,75.602,3.688,0.903,4.221,15.6,15.6,122.374,1.0,0.903,3.326,4.0,11.6,61.784,1.981,0.793,3.099,0.0,4.0,50.0,2.447,0.79,3.688,3.688,1382.51,278.82,2762.0,178.2,1.512,1.512,311.16,9.82,-410.0,-26.4,5.576,5.576,1693.67,288.64,3171.0,204.6,15.5,151.79999999999998
0.0,0.0,1.0,6.0,0.0,0.0,278.818,1.0,1.0,5.624,2.7,2.7,213.383,1.307,0.994,4.869,8.878,6.178,124.965,2.231,0.944,4.221,15.6,6.722,75.602,3.688,0.903,4.221,15.6,15.6,119.067,1.0,0.903,3.172,2.0,13.6,55.419,2.148,0.743,3.063,0.0,2.0,50.0,2.381,0.743,3.688,3.688,1382.51,278.82,2703.0,174.4,1.512,1.512,279.05,4.29,-210.0,-13.6,5.576,5.576,1661.56,283.11,2913.0,188.0,15.5,160.8
0.0,0.0,1.0,6.0,0.0,0.0,278.818,1.0,1.0,5.624,2.7,2.7,213.383,1.307,0.994,4.869,8.878,6.178,124.965,2.231,0.944,4.221,15.6,6.722,75.602,3.688,0.903,4.221,15.6,15.6,115.211,1.0,0.903,3.017,0.0,15.6,50.0,2.304,0.688,3.017,0.0,0.0,50.0,2.304,0.688,3.688,3.688,1382.51,278.82,2650.0,171.0,1.512,1.512,249.34,0.0,0.0,0.0,5.576,5.576,1631.85,278.82,2650.0,171.0,15.5,171.0
0.0,0.0,1.0,6.0,0.0,0.0,278.818,1.0,1.0,5.624,2.7,2.7,213.383,1.307,0.994,4.75,9.878,7.178,116.276,2.398,0.92,4.217,15.6,5.722,75.95,3.671,0.896,4.217,15.6,15.6,125.001,1.0,0.896,3.826,10.6,5.0,89.451,1.397,0.884,3.115,0.0,10.6,50.0,2.5,0.816,3.671,3.671,1382.51,278.82,3010.0,194.2,1.519,1.519,421.23,37.83,-871.0,-56.2,5.576,5.576,1803.74,316.64,3881.0,250.4,15.5,138.0
0.0,0.0,1.0,6.0,0.0,0.0,278.818,1.0,1.0,5.624,2.7,2.7,213.383,1.307,0.994,4.75,9.878,7.178,116.276,2.398,0.92,4.217,15.6,5.722,75.95,3.671,0.896,4.217,15.6,15.6,125.895,1.0,0.896,3.651,8.288,7.312,78.672,1.6,0.862,3.128,0.0,8.288,50.0,2.518,0.831,3.671,3.671,1382.51,278.82,2914.0,188.0,1.519,1.519,383.48,26.36,-754.0,-48.7,5.576,5.576,1765.99,305.18,3669.0,236.7,15.5,139.3
0.0,0.0,1.0,6.0,0.0,0.0,278.818,1.0,1.0,5.624,2.7,2.7,213.383,1.307,0.994,4.75,9.878,7.178,116.276,2.398,0.92,4.217,15.6,5.722,75.95,3.671,0.896,4.217,15.6,15.6,124.688,1.0,0.896,3.477,6.0,9.6,69.11,1.804,0.827,3.119,0.0,6.0,50.0,2.494,0.817,3.671,3.671,1382.51,278.82,2831.0,182.6,1.519,1.519,344.44,16.71,-586.0,-37.8,5.576,5.576,1726.95,295.53,3417.0,220.5,15.5,144.8
0.0,0.0,1.0,6.0,0.0,0.0,278.818,1.0,1.0,5.624,2.7,2.7,213.383,1.307,0.994,4.75,9.878,7.178,116.276,2.398,0.92,4.217,15.6,5.722,75.95,3.671,0.896,4.217,15.6,15.6,122.28,1.0,0.896,3.324,4.0,11.6,61.772,1.98,0.786,3.096,0.0,4.0,50.0,2.446,0.784,3.671,3.671,1382.51,278.82,2766.0,178.4,1.519,1.519,310.75,9.81,-408.0,-26.3,5.576,5.576,1693.26,288.62,3173.0,204.7,15.5,152.1
0.0,0.0,1.0,6.0,0.0,0.0,278.818,1.0,1.0,5.624,2.7,2.7,213.383,1.307,0.994,4.75,9.878,7.178,116.276,2.398,0.92,4.217,15.6,5.722,75.95,3.671,0.896,4.217,15.6,15.6,118.982,1.0,0.896,3.17,2.0,13.6,55.414,2.147,0.737,3.061,0.0,2.0,50.0,2.38,0.737,3.671,3.671,1382.51,278.82,2707.0,174.7,1.519,1.519,278.71,4.28,-209.0,-13.5,5.576,5.576,1661.22,283.1,2916.0,188.2,15.5,161.2
0.0,0.0,1.0,6.0,0.0,0.0,278.818,1.0,1.0,5.624,2.7,2.7,213.383,1.307,0.994,4.75,9.878,7.178,116.276,2.398,0.92,4.217,15.6,5.722,75.95,3.671,0.896,4.217,15.6,15.6,115.136,1.0,0.896,3.015,0.0,15.6,50.0,2.303,0.683,3.015,0.0,0.0,50.0,2.303,0.683,3.671,3.671,1382.51,278.82,2654.0,171.2,1.519,1.519,249.06,0.0,0.0,0.0,5.576,5.576,1631.57,278.82,2654.0,171.2,15.5,171.2
0.0,0.0,1.0,6.0,0.0,0.0,278.818,1.0,1.0,5.489,3.7,3.7,194.611,1.433,0.985,4.994,7.878,4.178,134.582,2.072,0.969,4.22,15.6,7.722,75.447,3.696,0.905,4.22,15.6,15.6,125.1,1.0,0.905,3.83,10.6,5.0,89.494,1.398,0.893,3.118,0.0,10.6,50.0,2.502,0.824,3.696,3.696,1295.87,278.82,3006.0,193.9,1.509,1.509,421.86,37.9,-878.0,-56.6,5.576,5.576,1717.73,316.72,3884.0,250.6,15.5,137.3
0.0,0.0,1.0,6.0,0.0,0.0,278.818,1.0,1.0,5.489,3.7,3.7,194.611,1.433,0.985,4.994,7.878,4.178,134.582,2.072,0.969,4.22,15.6,7.722,75.447,3.696,0.905,4.22,15.6,15.6,125.996,1.0,0.905,3.654,8.288,7.312,78.703,1.601,0.871,3.13,0.0,8.288,50.0,2.52,0.839,3.696,3.696,1295.87,278.82,2910.0,187.8,1.509,1.509,384.03,26.41,-760.0,-49.0,5.576,5.576,1679.9,305.23,3670.0,236.8,15.5,138.8
0.0,0.0,1.0,6.0,0.0,0.0,278.818,1.0,1.0,5.489,3.7,3.7,194.611,1.433,0.985,4.994,7.878,4.178,134.582,2.072,0.969,4.22,15.6,7.722,75.447,3.696,0.905,4.22,15.6,15.6,124.786,1.0,0.905,3.479,6.0,9.6,69.129,1.805,0.836,3.122,0.0,6.0,50.0,2.496,0.825,3.696,3.696,1295.87,278.82,2827.0,182.4,1.509,1.509,344.91,16.74,-591.0,-38.1,5.576,5.576,1640.78,295.56,3418.0,220.5,15.5,144.3
0.0,0.0,1.0,6.0,0.0,0.0,278.818,1.0,1.0,5.489,3.7,3.7,194.611,1.433,0.985,4.994,7.878,4.178,134.582,2.072,0.969,4.22,15.6,7.722,75.447,3.696,0.905,4.22,15.6,15.6,122.37,1.0,0.905,3.326,4.0,11.6,61.783,1.981,0.794,3.099,0.0,4.0,50.0,2.447,0.791,3.696,3.696,1295.87,278.82,2762.0,178.2,1.509,1.509,311.15,9.82,-411.0,-26.5,5.576,5.576,1607.02,288.64,3172.0,204.7,15.5,151.7
0.0,0.0,1.0,6.0,0.0,0.0,278.818,1.0,1.0,5.489,3.7,3.7,194.611,1.433,0.985,4.994,7.878,4.178,134.582,2.072,0.969,4.22,15.6,7.722,75.447,3.696,0.905,4.22,15.6,15.6,119.064,1.0,0.905,3.172,2.0,13.6,55.419,2.148,0.745,3.063,0.0,2.0,50.0,2.381,0.744,3.696,3.696,1295.87,278.82,2703.0,174.4,1.509,1.509,279.04,4.29,-211.0,-13.6,5.576,5.576,1574.91,283.11,2914.0,188.0,15.5,160.8
0.0,0.0,1.0,6.0,0.0,0.0,278.818,1.0,1.0,5.489,3.7,3.7,194.611,1.433,0.985,4.994,7.878,4.178,134.582,2.072,0.969,4.22,15.6,7.722,75.447,3.696,0.905,4.22,15.6,15.6,115.208,1.0,0.905,3.017,0.0,15.6,50.0,2.304,0.689,3.017,0.0,0.0,50.0,2.304,0.689,3.696,3.696,1295.87,278.82,2650.0,171.0,1.509,1.509,249.33,0.0,0.0,0.0,5.576,5.576,1545.2,278.82,2650.0,171.0,15.5,171.0
0.0,0.0,1.0,6.0,0.0,0.0,278.818,1.0,1.0,5.489,3.7,3.7,194.611,1.433,0.985,4.879,8.878,5.178,124.333,2.243,0.957,4.228,15.6,6.722,75.146,3.71,0.915,4.228,15.6,15.6,125.309,1.0,0.915,3.836,10.6,5.0,89.586,1.399,0.903,3.123,0.0,10.6,50.0,2.506,0.832,3.71,3.71,1295.87,278.82,2997.0,193.4,1.503,1.503,423.21,38.06,-883.0,-57.0,5.576,5.576,1719.08,316.88,3880.0,250.3,15.5,136.4
0.0,0.0,1.0,6.0,0.0,0.0,278.818,1.0,1.0,5.489,3.7,3.7,194.611,1.433,0.985,4.879,8.878,5.178,124.333,2.243,0.957,4.228,15.6,6.722,75.146,3.71,0.915,4.228,15.6,15.6,126.21,1.0,0.915,3.66,8.288,7.312,78.767,1.602,0.88,3.136,0.0,8.288,50.0,2.524,0.848,3.71,3.71,1295.87,278.82,2902.0,187.2,1.503,1.503,385.21,26.52,-765.0,-49.3,5.576,5.576,1681.08,305.33,3666.0,236.5,15.5,137.89999999999998
0.0,0.0,1.0,6.0,0.0,0.0,278.818,1.0,1.0,5.489,3.7,3.7,194.611,1.433,0.985,4.879,8.878,5.178,124.333,2.243,0.957,4.228,15.6,6.722,75.146,3.71,0.915,4.228,15.6,15.6,124.991,1.0,0.915,3.485,6.0,9.6,69.17,1.807,0.844,3.127,0.0,6.0,50.0,2.5,0.833,3.71,3.71,1295.87,278.82,2818.0,181.8,1.503,1.503,345.9,16.8,-594.0,-38.3,5.576,5.576,1641.77,295.62,3413.0,220.2,15.5,143.5
0.0,0.0,1.0,6.0,0.0,0.0,278.818,1.0,1.0,5.489,3.7,3.7,194.611,1.433,0.985,4.879,8.878,5.178,124.333,2.243,0.957,4.228,15.6,6.722,75.146,3.71,0.915,4.228,15.6,15.6,122.562,1.0,0.915,3.332,4.0,11.6,61.807,1.983,0.802,3.104,0.0,4.0,50.0,2.451,0.799,3.71,3.71,1295.87,278.82,2753.0,177.6,1.503,1.503,311.98,9.86,-413.0,-26.7,5.576,5.576,1607.85,288.68,3166.0,204.3,15.5,150.9
0.0,0.0,1.0,6.0,0.0,0.0,278.818,1.0,1.0,5.489,3.7,3.7,194.611,1.433,0.985,4.879,8.878,5.178,124.333,2.243,0.957,4.228,15.6,6.722,75.146,3.71,0.915,4.228,15.6,15.6,119.237,1.0,0.915,3.177,2.0,13.6,55.429,2.151,0.752,3.068,0.0,2.0,50.0,2.385,0.752,3.71,3.71,1295.87,278.82,2695.0,173.9,1.503,1.503,279.73,4.31,-212.0,-13.7,5.576,5.576,1575.6,283.12,2907.0,187.5,15.5,160.20000000000002
0.0,0.0,1.0,6.0,0.0,0.0,278.818,1.0,1.0,5.489,3.7,3.7,194.611,1.433,0.985,4.879,8.878,5.178,124.333,2.243,0.957,4.228,15.6,6.722,75.146,3.71,0.915,4.228,15.6,15.6,115.361,1.0,0.915,3.022,0.0,15.6,50.0,2.307,0.696,3.022,0.0,0.0,50.0,2.307,0.696,3.71,3.71,1295.87,278.82,2642.0,170.5,1.503,1.503,249.9,0.0,0.0,0.0,5.576,5.576,1545.77,278.82,2642.0,170.5,15.5,170.5
0.0,0.0,1.0,6.0,0.0,0.0,278.818,1.0,1.0,5.489,3.7,3.7,194.611,1.433,0.985,4.765,9.878,6.178,115.337,2.417,0.939,4.229,15.6,5.722,75.239,3.706,0.914,4.229,15.6,15.6,125.319,1.0,0.914,3.837,10.6,5.0,89.59,1.399,0.902,3.123,0.0,10.6,50.0,2.506,0.832,3.706,3.706,1295.87,278.82,2997.0,193.3,1.505,1.505,423.27,38.07,-882.0,-56.9,5.576,5.576,1719.14,316.88,3878.0,250.2,15.5,136.4
0.0,0.0,1.0,6.0,0.0,0.0,278.818,1.0,1.0,5.489,3.7,3.7,194.611,1.433,0.985,4.765,9.878,6.178,115.337,2.417,0.939,4.229,15.6,5.722,75.239,3.706,0.914,4.229,15.6,15.6,126.22,1.0,0.914,3.661,8.288,7.312,78.77,1.602,0.88,3.136,0.0,8.288,50.0,2.524,0.848,3.706,3.706,1295.87,278.82,2901.0,187.2,1.505,1.505,385.26,26.52,-764.0,-49.3,5.576,5.576,1681.13,305.34,3665.0,236.4,15.5,137.89999999999998
0.0,0.0,1.0,6.0,0.0,0.0,278.818,1.0,1.0,5.489,3.7,3.7,194.611,1.433,0.985,4.765,9.878,6.178,115.337,2.417,0.939,4.229,15.6,5.722,75.239,3.706,0.914,4.229,15.6,15.6,125.001,1.0,0.914,3.486,6.0,9.6,69.171,1.807,0.844,3.127,0.0,6.0,50.0,2.5,0.833,3.706,3.706,1295.87,278.82,2818.0,181.8,1.505,1.505,345.95,16.81,-594.0,-38.3,5.576,5.576,1641.82,295.63,3412.0,220.1,15.5,143.5
0.0,0.0,1.0,6.0,0.0,0.0,278.818,1.0,1.0,5.489,3.7,3.7,194.611,1.433,0.985,4.765,9.878,6.178,115.337,2.417,0.939,4.229,15.6,5.722,75.239,3.706,0.914,4.229,15.6,15.6,122.571,1.0,0.914,3.332,4.0,11.6,61.808,1.983,0.802,3.104,0.0,4.0,50.0,2.451,0.799,3.706,3.706,1295.87,278.82,2753.0,177.6,1.505,1.505,312.02,9.86,-413.0,-26.6,5.576,5.576,1607.89,288.68,3165.0,204.2,15.5,151.0
0.0,0.0,1.0,6.0,0.0,0.0,278.818,1.0,1.0,5.489,3.7,3.7,194.611,1.433,0.985,4.765,9.878,6.178,115.337,2.417,0.939,4.229,15.6,5.722,75.239,3.706,0.914,4.229,15.6,15.6,119.245,1.0,0.914,3.177,2.0,13.6,55.43,2.151,0.751,3.068,0.0,2.0,50.0,2.385,0.751,3.706,3.706,1295.87,278.82,2694.0,173.8,1.505,1.505,279.76,4.31,-212.0,-13.7,5.576,5.576,1575.63,283.12,2906.0,187.5,15.5,160.10000000000002
0.0,0.0,1.0,6.0,0.0,0.0,278.818,1.0,1.0,5.489,3.7,3.7,194.611,1.433,0.985,4.765,9.878,6.178,115.337,2.417,0.939,4.229,15.6,5.722,75.239,3.706,0.914,4.229,15.6,15.6,115.368,1.0,0.914,3.022,0.0,15.6,50.0,2.307,0.695,3.022,0.0,0.0,50.0,2.307,0.695,3.706,3.706,1295.87,278.82,2642.0,170.4,1.505,1.505,249.93,0.0,0.0,0.0,5.576,5.576,1545.8,278.82,2642.0,170.4,15.5,170.4
0.0,0.0,1.0,6.0,0.0,0.0,278.818,1.0,1.0,5.489,3.7,3.7,194.611,1.433,0.985,4.65,10.878,7.178,107.451,2.595,0.916,4.222,15.6,4.722,75.693,3.684,0.903,4.222,15.6,15.6,125.137,1.0,0.903,3.831,10.6,5.0,89.511,1.398,0.891,3.119,0.0,10.6,50.0,2.503,0.822,3.684,3.684,1295.87,278.82,3004.0,193.8,1.514,1.514,422.1,37.93,-875.0,-56.5,5.576,5.576,1717.97,316.75,3879.0,250.3,15.5,137.3
0.0,0.0,1.0,6.0,0.0,0.0,278.818,1.0,1.0,5.489,3.7,3.7,194.611,1.433,0.985,4.65,10.878,7.178,107.451,2.595,0.916,4.222,15.6,4.722,75.693,3.684,0.903,4.222,15.6,15.6,126.034,1.0,0.903,3.655,8.288,7.312,78.714,1.601,0.869,3.131,0.0,8.288,50.0,2.521,0.838,3.684,3.684,1295.87,278.82,2909.0,187.7,1.514,1.514,384.24,26.43,-758.0,-48.9,5.576,5.576,1680.11,305.25,3667.0,236.6,15.5,138.79999999999998
0.0,0.0,1.0,6.0,0.0,0.0,278.818,1.0,1.0,5.489,3.7,3.7,194.611,1.433,0.985,4.65,10.878,7.178,107.451,2.595,0.916,4.222,15.6,4.722,75.693,3.684,0.903,4.222,15.6,15.6,124.822,1.0,0.903,3.481,6.0,9.6,69.136,1.805,0.834,3.123,0.0,6.0,50.0,2.496,0.823,3.684,3.684,1295.87,278.82,2825.0,182.3,1.514,1.514,345.08,16.75,-589.0,-38.0,5.576,5.576,1640.95,295.57,3414.0,220.3,15.5,144.3
0.0,0.0,1.0,6.0,0.0,0.0,278.818,1.0,1.0,5.489,3.7,3.7,194.611,1.433,0.985,4.65,10.878,7.178,107.451,2.595,0.916,4.222,15.6,4.722,75.693,3.684,0.903,4.222,15.6,15.6,122.404,1.0,0.903,3.327,4.0,11.6,61.788,1.981,0.792,3.1,0.0,4.0,50.0,2.448,0.789,3.684,3.684,1295.87,278.82,2760.0,178.1,1.514,1.514,311.3,9.83,-410.0,-26.4,5.576,5.576,1607.17,288.65,3170.0,204.5,15.5,151.7
0.0,0.0,1.0,6.0,0.0,0.0,278.818,1.0,1.0,5.489,3.7,3.7,194.611,1.433,0.985,4.65,10.878,7.178,107.451,2.595,0.916,4.222,15.6,4.722,75.693,3.684,0.903,4.222,15.6,15.6,119.094,1.0,0.903,3.173,2.0,13.6,55.421,2.149,0.743,3.064,0.0,2.0,50.0,2.382,0.743,3.684,3.684,1295.87,278.82,2702.0,174.3,1.514,1.514,279.16,4.29,-210.0,-13.6,5.576,5.576,1575.03,283.11,2912.0,187.9,15.5,160.70000000000002
0.0,0.0,1.0,6.0,0.0,0.0,278.818,1.0,1.0,5.489,3.7,3.7,194.611,1.433,0.985,4.65,10.878,7.178,107.451,2.595,0.916,4.222,15.6,4.722,75.693,3.684,0.903,4.222,15.6,15.6,115.235,1.0,0.903,3.018,0.0,15.6,50.0,2.305,0.688,3.018,0.0,0.0,50.0,2.305,0.688,3.684,3.684,1295.87,278.82,2649.0,170.9,1.514,1.514,249.43,0.0,0.0,0.0,5.576,5.576,1545.3,278.82,2649.0,170.9,15.5,170.9
0.0,0.0,1.0,6.0,0.0,0.0,278.818,1.0,1.0,5.356,4.7,4.7,178.287,1.564,0.972,4.991,7.878,3.178,134.906,2.067,0.965,4.218,15.6,7.722,75.654,3.685,0.901,4.218,15.6,15.6,125.04,1.0,0.901,3.828,10.6,5.0,89.468,1.398,0.889,3.116,0.0,10.6,50.0,2.501,0.82,3.685,3.685,1215.46,278.82,3008.0,194.1,1.513,1.513,421.47,37.86,-875.0,-56.5,5.576,5.576,1636.94,316.67,3883.0,250.5,15.5,137.6
0.0,0.0,1.0,6.0,0.0,0.0,278.818,1.0,1.0,5.356,4.7,4.7,178.287,1.564,0.972,4.991,7.878,3.178,134.906,2.067,0.965,4.218,15.6,7.722,75.654,3.685,0.901,4.218,15.6,15.6,125.935,1.0,0.901,3.652,8.288,7.312,78.684,1.601,0.867,3.129,0.0,8.288,50.0,2.519,0.836,3.685,3.685,1215.46,278.82,2913.0,187.9,1.513,1.513,383.69,26.38,-758.0,-48.9,5.576,5.576,1599.16,305.2,3670.0,236.8,15.5,139.0
0.0,0.0,1.0,6.0,0.0,0.0,278.818,1.0,1.0,5.356,4.7,4.7,178.287,1.564,0.972,4.991,7.878,3.178,134.906,2.067,0.965,4.218,15.6,7.722,75.654,3.685,0.901,4.218,15.6,15.6,124.726,1.0,0.901,3.478,6.0,9.6,69.117,1.805,0.832,3.12,0.0,6.0,50.0,2.495,0.821,3.685,3.685,1215.46,278.82,2829.0,182.5,1.513,1.513,344.62,16.72,-589.0,-38.0,5.576,5.576,1560.08,295.54,3418.0,220.5,15.5,144.5
0.0,0.0,1.0,6.0,0.0,0.0,278.818,1.0,1.0,5.356,4.7,4.7,178.287,1.564,0.972,4.991,7.878,3.178,134.906,2.067,0.965,4.218,15.6,7.722,75.654,3.685,0.901,4.218,15.6,15.6,122.315,1.0,0.901,3.325,4.0,11.6,61.777,1.98,0.79,3.097,0.0,4.0,50.0,2.446,0.788,3.685,3.685,1215.46,278.82,2764.0,178.3,1.513,1.513,310.91,9.81,-409.0,-26.4,5.576,5.576,1526.37,288.63,3174.0,204.7,15.5,151.9
0.0,0.0,1.0,6.0,0.0,0.0,278.818,1.0,1.0,5.356,4.7,4.7,178.287,1.564,0.972,4.991,7.878,3.178,134.906,2.067,0.965,4.218,15.6,7.722,75.654,3.685,0.901,4.218,15.6,15.6,119.014,1.0,0.901,3.171,2.0,13.6,55.416,2.148,0.741,3.062,0.0,2.0,50.0,2.38,0.741,3.685,3.685,1215.46,278.82,2706.0,174.6,1.513,1.513,278.84,4.29,-210.0,-13.6,5.576,5.576,1494.3,283.11,2916.0,188.1,15.5,161.0
0.0,0.0,1.0,6.0,0.0,0.0,278.818,1.0,1.0,5.356,4.7,4.7,178.287,1.564,0.972,4.991,7.878,3.178,134.906,2.067,0.965,4.218,15.6,7.722,75.654,3.685,0.901,4.218,15.6,15.6,115.164,1.0,0.901,3.016,0.0,15.6,50.0,2.303,0.686,3.016,0.0,0.0,50.0,2.303,0.686,3.685,3.685,1215.46,278.82,2653.0,171.1,1.513,1.513,249.17,0.0,0.0,0.0,5.576,5.576,1464.63,278.82,2653.0,171.1,15.5,171.1
0.0,0.0,1.0,6.0,0.0,0.0,278.818,1.0,1.0,5.356,4.7,4.7,178.287,1.564,0.972,4.88,8.878,4.178,124.383,2.242,0.957,4.229,15.6,6.722,75.169,3.709,0.915,4.229,15.6,15.6,125.328,1.0,0.915,3.837,10.6,5.0,89.594,1.399,0.903,3.123,0.0,10.6,50.0,2.507,0.833,3.709,3.709,1215.46,278.82,2996.0,193.3,1.503,1.503,423.33,38.07,-883.0,-57.0,5.576,5.576,1638.79,316.89,3879.0,250.3,15.5,136.3
0.0,0.0,1.0,6.0,0.0,0.0,278.818,1.0,1.0,5.356,4.7,4.7,178.287,1.564,0.972,4.88,8.878,4.178,124.383,2.242,0.957,4.229,15.6,6.722,75.169,3.709,0.915,4.229,15.6,15.6,126.229,1.0,0.915,3.661,8.288,7.312,78.773,1.602,0.881,3.136,0.0,8.288,50.0,2.525,0.849,3.709,3.709,1215.46,278.82,2901.0,187.2,1.503,1.503,385.32,26.52,-764.0,-49.3,5.576,5.576,1600.78,305.34,3665.0,236.5,15.5,137.89999999999998
0.0,0.0,1.0,6.0,0.0,0.0,278.818,1.0,1.0,5.356,4.7,4.7,178.287,1.564,0.972,4.88,8.878,4.178,124.383,2.242,0.957,4.229,15.6,6.722,75.169,3.709,0.915,4.229,15.6,15.6,125.01,1.0,0.915,3.486,6.0,9.6,69.173,1.807,0.845,3.127,0.0,6.0,50.0,2.5,0.834,3.709,3.709,1215.46,278.82,2817.0,181.8,1.503,1.503,345.99,16.81,-594.0,-38.3,5.576,5.576,1561.45,295.63,3412.0,220.1,15.5,143.5
0.0,0.0,1.0,6.0,0.0,0.0,278.818,1.0,1.0,5.356,4.7,4.7,178.287,1.564,0.972,4.88,8.878,4.178,124.383,2.242,0.957,4.229,15.6,6.722,75.169,3.709,0.915,4.229,15.6,15.6,122.579,1.0,0.915,3.332,4.0,11.6,61.809,1.983,0.803,3.104,0.0,4.0,50.0,2.452,0.8,3.709,3.709,1215.46,278.82,2752.0,177.6,1.503,1.503,312.06,9.86,-413.0,-26.7,5.576,5.576,1527.52,288.68,3165.0,204.2,15.5,150.9
0.0,0.0,1.0,6.0,0.0,0.0,278.818,1.0,1.0,5.356,4.7,4.7,178.287,1.564,0.972,4.88,8.878,4.178,124.383,2.242,0.957,4.229,15.6,6.722,75.169,3.709,0.915,4.229,15.6,15.6,119.252,1.0,0.915,3.178,2.0,13.6,55.43,2.151,0.752,3.069,0.0,2.0,50.0,2.385,0.752,3.709,3.709,1215.46,278.82,2694.0,173.8,1.503,1.503,279.79,4.31,-212.0,-13.7,5.576,5.576,1495.26,283.12,2906.0,187.5,15.5,160.10000000000002
0.0,0.0,1.0,6.0,0.0,0.0,278.818,1.0,1.0,5.356,4.7,4.7,178.287,1.564,0.972,4.88,8.878,4.178,124.383,2.242,0.957,4.229,15.6,6.722,75.169,3.709,0.915,4.229,15.6,15.6,115.375,1.0,0.915,3.022,0.0,15.6,50.0,2.307,0.696,3.022,0.0,0.0,50.0,2.307,0.696,3.709,3.709,1215.46,278.82,2641.0,170.4,1.503,1.503,249.95,0.0,0.0,0.0,5.576,5.576,1465.42,278.82,2641.0,170.4,15.5,170.4
0.0,0.0,1.0,6.0,0.0,0.0,278.818,1.0,1.0,5.356,4.7,4.7,178.287,1.564,0.972,4.77,9.878,5.178,115.102,2.422,0.945,4.233,15.6,5.722,75.051,3.715,0.92,4.233,15.6,15.6,125.434,1.0,0.92,3.841,10.6,5.0,89.64,1.399,0.908,3.126,0.0,10.6,50.0,2.509,0.837,3.715,3.715,1215.46,278.82,2992.0,193.0,1.501,1.501,424.01,38.15,-885.0,-57.1,5.576,5.576,1639.47,316.97,3877.0,250.1,15.5,135.9
0.0,0.0,1.0,6.0,0.0,0.0,278.818,1.0,1.0,5.356,4.7,4.7,178.287,1.564,0.972,4.77,9.878,5.178,115.102,2.422,0.945,4.233,15.6,5.722,75.051,3.715,0.92,4.233,15.6,15.6,126.337,1.0,0.92,3.664,8.288,7.312,78.805,1.603,0.885,3.139,0.0,8.288,50.0,2.527,0.853,3.715,3.715,1215.46,278.82,2897.0,186.9,1.501,1.501,385.91,26.58,-766.0,-49.4,5.576,5.576,1601.37,305.4,3663.0,236.3,15.5,137.5
0.0,0.0,1.0,6.0,0.0,0.0,278.818,1.0,1.0,5.356,4.7,4.7,178.287,1.564,0.972,4.77,9.878,5.178,115.102,2.422,0.945,4.233,15.6,5.722,75.051,3.715,0.92,4.233,15.6,15.6,125.114,1.0,0.92,3.489,6.0,9.6,69.194,1.808,0.849,3.13,0.0,6.0,50.0,2.502,0.838,3.715,3.715,1215.46,278.82,2813.0,181.5,1.501,1.501,346.49,16.84,-596.0,-38.4,5.576,5.576,1561.96,295.66,3409.0,219.9,15.5,143.1
0.0,0.0,1.0,6.0,0.0,0.0,278.818,1.0,1.0,5.356,4.7,4.7,178.287,1.564,0.972,4.77,9.878,5.178,115.102,2.422,0.945,4.233,15.6,5.722,75.051,3.715,0.92,4.233,15.6,15.6,122.676,1.0,0.92,3.335,4.0,11.6,61.821,1.984,0.806,3.107,0.0,4.0,50.0,2.454,0.803,3.715,3.715,1215.46,278.82,2748.0,177.3,1.501,1.501,312.48,9.88,-414.0,-26.7,5.576,5.576,1527.95,288.7,3162.0,204.0,15.5,150.60000000000002
0.0,0.0,1.0,6.0,0.0,0.0,278.818,1.0,1.0,5.356,4.7,4.7,178.287,1.564,0.972,4.77,9.878,5.178,115.102,2.422,0.945,4.233,15.6,5.722,75.051,3.715,0.92,4.233,15.6,15.6,119.34,1.0,0.92,3.18,2.0,13.6,55.435,2.153,0.756,3.071,0.0,2.0,50.0,2.387,0.755,3.715,3.715,1215.46,278.82,2690.0,173.5,1.501,1.501,280.14,4.31,-212.0,-13.7,5.576,5.576,1495.61,283.13,2902.0,187.2,15.5,159.8
0.0,0.0,1.0,6.0,0.0,0.0,278.818,1.0,1.0,5.356,4.7,4.7,178.287,1.564,0.972,4.77,9.878,5.178,115.102,2.422,0.945,4.233,15.6,5.722,75.051,3.715,0.92,4.233,15.6,15.6,115.452,1.0,0.92,3.025,0.0,15.6,50.0,2.309,0.699,3.025,0.0,0.0,50.0,2.309,0.699,3.715,3.715,1215.46,278.82,2637.0,170.1,1.501,1.501,250.24,0.0,0.0,0.0,5.576,5.576,1465.7,278.82,2637.0,170.1,15.5,170.1
0.0,0.0,1.0,6.0,0.0,0.0,278.818,1.0,1.0,5.356,4.7,4.7,178.287,1.564,0.972,4.66,10.878,6.178,106.931,2.607,0.928,4.23,15.6,4.722,75.27,3.704,0.915,4.23,15.6,15.6,125.361,1.0,0.915,3.838,10.6,5.0,89.609,1.399,0.903,3.124,0.0,10.6,50.0,2.507,0.832,3.704,3.704,1215.46,278.82,2995.0,193.2,1.505,1.505,423.54,38.1,-882.0,-56.9,5.576,5.576,1639.0,316.92,3877.0,250.1,15.5,136.29999999999998
0.0,0.0,1.0,6.0,0.0,0.0,278.818,1.0,1.0,5.356,4.7,4.7,178.287,1.564,0.972,4.66,10.878,6.178,106.931,2.607,0.928,4.23,15.6,4.722,75.27,3.704,0.915,4.23,15.6,15.6,126.263,1.0,0.915,3.662,8.288,7.312,78.783,1.603,0.881,3.137,0.0,8.288,50.0,2.525,0.848,3.704,3.704,1215.46,278.82,2900.0,187.1,1.505,1.505,385.5,26.54,-764.0,-49.3,5.576,5.576,1600.96,305.36,3663.0,236.3,15.5,137.8
0.0,0.0,1.0,6.0,0.0,0.0,278.818,1.0,1.0,5.356,4.7,4.7,178.287,1.564,0.972,4.66,10.878,6.178,106.931,2.607,0.928,4.23,15.6,4.722,75.27,3.704,0.915,4.23,15.6,15.6,125.042,1.0,0.915,3.487,6.0,9.6,69.18,1.808,0.844,3.128,0.0,6.0,50.0,2.501,0.833,3.704,3.704,1215.46,278.82,2816.0,181.7,1.505,1.505,346.15,16.82,-594.0,-38.3,5.576,5.576,1561.61,295.64,3410.0,220.0,15.5,143.39999999999998
0.0,0.0,1.0,6.0,0.0,0.0,278.818,1.0,1.0,5.356,4.7,4.7,178.287,1.564,0.972,4.66,10.878,6.178,106.931,2.607,0.928,4.23,15.6,4.722,75.27,3.704,0.915,4.23,15.6,15.6,122.609,1.0,0.915,3.333,4.0,11.6,61.813,1.984,0.802,3.105,0.0,4.0,50.0,2.452,0.799,3.704,3.704,1215.46,278.82,2751.0,177.5,1.505,1.505,312.19,9.87,-413.0,-26.6,5.576,5.576,1527.65,288.68,3164.0,204.1,15.5,150.9
0.0,0.0,1.0,6.0,0.0,0.0,278.818,1.0,1.0,5.356,4.7,4.7,178.287,1.564,0.972,4.66,10.878,6.178,106.931,2.607,0.928,4.23,15.6,4.722,75.27,3.704,0.915,4.23,15.6,15.6,119.279,1.0,0.915,3.178,2.0,13.6,55.432,2.152,0.752,3.069,0.0,2.0,50.0,2.386,0.752,3.704,3.704,1215.46,278.82,2693.0,173.7,1.505,1.505,279.9,4.31,-212.0,-13.7,5.576,5.576,1495.37,283.13,2904.0,187.4,15.5,160.0
0.0,0.0,1.0,6.0,0.0,0.0,278.818,1.0,1.0,5.356,4.7,4.7,178.287,1.564,0.972,4.66,10.878,6.178,106.931,2.607,0.928,4.23,15.6,4.722,75.27,3.704,0.915,4.23,15.6,15.6,115.399,1.0,0.915,3.023,0.0,15.6,50.0,2.308,0.696,3.023,0.0,0.0,50.0,2.308,0.696,3.704,3.704,1215.46,278.82,2640.0,170.3,1.505,1.505,250.04,0.0,0.0,0.0,5.576,5.576,1465.5,278.82,2640.0,170.3,15.5,170.3
0.0,0.0,1.0,6.0,0.0,0.0,278.818,1.0,1.0,5.356,4.7,4.7,178.287,1.564,0.972,4.549,11.878,7.178,99.746,2.795,0.908,4.221,15.6,3.722,75.795,3.679,0.901,4.221,15.6,15.6,125.118,1.0,0.901,3.83,10.6,5.0,89.502,1.398,0.89,3.118,0.0,10.6,50.0,2.502,0.82,3.679,3.679,1215.46,278.82,3005.0,193.9,1.516,1.516,421.98,37.91,-874.0,-56.4,5.576,5.576,1637.44,316.73,3879.0,250.3,15.5,137.5
0.0,0.0,1.0,6.0,0.0,0.0,278.818,1.0,1.0,5.356,4.7,4.7,178.287,1.564,0.972,4.549,11.878,7.178,99.746,2.795,0.908,4.221,15.6,3.722,75.795,3.679,0.901,4.221,15.6,15.6,126.015,1.0,0.901,3.654,8.288,7.312,78.708,1.601,0.868,3.131,0.0,8.288,50.0,2.52,0.836,3.679,3.679,1215.46,278.82,2910.0,187.7,1.516,1.516,384.13,26.42,-757.0,-48.8,5.576,5.576,1599.6,305.24,3666.0,236.5,15.5,138.89999999999998
0.0,0.0,1.0,6.0,0.0,0.0,278.818,1.0,1.0,5.356,4.7,4.7,178.287,1.564,0.972,4.549,11.878,7.178,99.746,2.795,0.908,4.221,15.6,3.722,75.795,3.679,0.901,4.221,15.6,15.6,124.803,1.0,0.901,3.48,6.0,9.6,69.132,1.805,0.832,3.122,0.0,6.0,50.0,2.496,0.821,3.679,3.679,1215.46,278.82,2826.0,182.3,1.516,1.516,344.99,16.75,-588.0,-38.0,5.576,5.576,1560.46,295.56,3414.0,220.3,15.5,144.3
0.0,0.0,1.0,6.0,0.0,0.0,278.818,1.0,1.0,5.356,4.7,4.7,178.287,1.564,0.972,4.549,11.878,7.178,99.746,2.795,0.908,4.221,15.6,3.722,75.795,3.679,0.901,4.221,15.6,15.6,122.387,1.0,0.901,3.327,4.0,11.6,61.786,1.981,0.791,3.099,0.0,4.0,50.0,2.448,0.788,3.679,3.679,1215.46,278.82,2761.0,178.1,1.516,1.516,311.22,9.83,-409.0,-26.4,5.576,5.576,1526.68,288.64,3170.0,204.5,15.5,151.7
0.0,0.0,1.0,6.0,0.0,0.0,278.818,1.0,1.0,5.356,4.7,4.7,178.287,1.564,0.972,4.549,11.878,7.178,99.746,2.795,0.908,4.221,15.6,3.722,75.795,3.679,0.901,4.221,15.6,15.6,119.079,1.0,0.901,3.172,2.0,13.6,55.42,2.149,0.742,3.064,0.0,2.0,50.0,2.382,0.741,3.679,3.679,1215.46,278.82,2702.0,174.4,1.516,1.516,279.1,4.29,-210.0,-13.5,5.576,5.576,1494.56,283.11,2912.0,187.9,15.5,160.9
0.0,0.0,1.0,6.0,0.0,0.0,278.818,1.0,1.0,5.356,4.7,4.7,178.287,1.564,0.972,4.549,11.878,7.178,99.746,2.795,0.908,4.221,15.6,3.722,75.795,3.679,0.901,4.221,15.6,15.6,115.221,1.0,0.901,3.018,0.0,15.6,50.0,2.304,0.687,3.018,0.0,0.0,50.0,2.304,0.687,3.679,3.679,1215.46,278.82,2650.0,170.9,1.516,1.516,249.38,0.0,0.0,0.0,5.576,5.576,1464.84,278.82,2650.0,170.9,15.5,170.9
0.0,0.0,1.0,6.0,0.0,0.0,278.818,1.0,1.0,5.222,5.7,5.7,164.117,1.699,0.952,4.872,8.878,3.178,125.05,2.23,0.946,4.223,15.6,6.722,75.63,3.687,0.905,4.223,15.6,15.6,125.168,1.0,0.905,3.832,10.6,5.0,89.524,1.398,0.893,3.119,0.0,10.6,50.0,2.503,0.823,3.687,3.687,1140.98,278.82,3003.0,193.7,1.513,1.513,422.3,37.95,-876.0,-56.5,5.576,5.576,1563.28,316.77,3879.0,250.3,15.5,137.2
0.0,0.0,1.0,6.0,0.0,0.0,278.818,1.0,1.0,5.222,5.7,5.7,164.117,1.699,0.952,4.872,8.878,3.178,125.05,2.23,0.946,4.223,15.6,6.722,75.63,3.687,0.905,4.223,15.6,15.6,126.066,1.0,0.905,3.656,8.288,7.312,78.724,1.601,0.871,3.132,0.0,8.288,50.0,2.521,0.839,3.687,3.687,1140.98,278.82,2907.0,187.6,1.513,1.513,384.42,26.44,-759.0,-49.0,5.576,5.576,1525.4,305.26,3666.0,236.5,15.5,138.6
0.0,0.0,1.0,6.0,0.0,0.0,278.818,1.0,1.0,5.222,5.7,5.7,164.117,1.699,0.952,4.872,8.878,3.178,125.05,2.23,0.946,4.223,15.6,6.722,75.63,3.687,0.905,4.223,15.6,15.6,124.853,1.0,0.905,3.481,6.0,9.6,69.142,1.806,0.835,3.123,0.0,6.0,50.0,2.497,0.824,3.687,3.687,1140.98,278.82,2824.0,182.2,1.513,1.513,345.23,16.76,-590.0,-38.1,5.576,5.576,1486.21,295.58,3414.0,220.2,15.5,144.1
0.0,0.0,1.0,6.0,0.0,0.0,278.818,1.0,1.0,5.222,5.7,5.7,164.117,1.699,0.952,4.872,8.878,3.178,125.05,2.23,0.946,4.223,15.6,6.722,75.63,3.687,0.905,4.223,15.6,15.6,122.433,1.0,0.905,3.328,4.0,11.6,61.791,1.981,0.794,3.1,0.0,4.0,50.0,2.449,0.791,3.687,3.687,1140.98,278.82,2759.0,178.0,1.513,1.513,311.42,9.83,-410.0,-26.4,5.576,5.576,1452.4,288.65,3169.0,204.4,15.5,151.6
0.0,0.0,1.0,6.0,0.0,0.0,278.818,1.0,1.0,5.222,5.7,5.7,164.117,1.699,0.952,4.872,8.878,3.178,125.05,2.23,0.946,4.223,15.6,6.722,75.63,3.687,0.905,4.223,15.6,15.6,119.12,1.0,0.905,3.174,2.0,13.6,55.422,2.149,0.744,3.065,0.0,2.0,50.0,2.382,0.744,3.687,3.687,1140.98,278.82,2700.0,174.2,1.513,1.513,279.26,4.3,-210.0,-13.6,5.576,5.576,1420.25,283.11,2911.0,187.8,15.5,160.6
0.0,0.0,1.0,6.0,0.0,0.0,278.818,1.0,1.0,5.222,5.7,5.7,164.117,1.699,0.952,4.872,8.878,3.178,125.05,2.23,0.946,4.223,15.6,6.722,75.63,3.687,0.905,4.223,15.6,15.6,115.258,1.0,0.905,3.019,0.0,15.6,50.0,2.305,0.689,3.019,0.0,0.0,50.0,2.305,0.689,3.687,3.687,1140.98,278.82,2648.0,170.8,1.513,1.513,249.52,0.0,0.0,0.0,5.576,5.576,1390.5,278.82,2648.0,170.8,15.5,170.8
0.0,0.0,1.0,6.0,0.0,0.0,278.818,1.0,1.0,5.222,5.7,5.7,164.117,1.699,0.952,4.766,9.878,4.178,115.511,2.414,0.939,4.23,15.6,5.722,75.343,3.701,0.914,4.23,15.6,15.6,125.35,1.0,0.914,3.838,10.6,5.0,89.604,1.399,0.902,3.124,0.0,10.6,50.0,2.507,0.831,3.701,3.701,1140.98,278.82,2995.0,193.2,1.507,1.507,423.47,38.09,-881.0,-56.8,5.576,5.576,1564.45,316.91,3876.0,250.1,15.5,136.39999999999998
0.0,0.0,1.0,6.0,0.0,0.0,278.818,1.0,1.0,5.222,5.7,5.7,164.117,1.699,0.952,4.766,9.878,4.178,115.511,2.414,0.939,4.23,15.6,5.722,75.343,3.701,0.914,4.23,15.6,15.6,126.252,1.0,0.914,3.661,8.288,7.312,78.779,1.603,0.879,3.137,0.0,8.288,50.0,2.525,0.847,3.701,3.701,1140.98,278.82,2900.0,187.1,1.507,1.507,385.44,26.54,-763.0,-49.2,5.576,5.576,1526.42,305.35,3663.0,236.3,15.5,137.89999999999998
0.0,0.0,1.0,6.0,0.0,0.0,278.818,1.0,1.0,5.222,5.7,5.7,164.117,1.699,0.952,4.766,9.878,4.178,115.511,2.414,0.939,4.23,15.6,5.722,75.343,3.701,0.914,4.23,15.6,15.6,125.032,1.0,0.914,3.487,6.0,9.6,69.177,1.807,0.843,3.128,0.0,6.0,50.0,2.501,0.832,3.701,3.701,1140.98,278.82,2817.0,181.7,1.507,1.507,346.09,16.82,-593.0,-38.3,5.576,5.576,1487.08,295.64,3410.0,220.0,15.5,143.39999999999998
0.0,0.0,1.0,6.0,0.0,0.0,278.818,1.0,1.0,5.222,5.7,5.7,164.117,1.699,0.952,4.766,9.878,4.178,115.511,2.414,0.939,4.23,15.6,5.722,75.343,3.701,0.914,4.23,15.6,15.6,122.599,1.0,0.914,3.333,4.0,11.6,61.812,1.983,0.801,3.105,0.0,4.0,50.0,2.452,0.798,3.701,3.701,1140.98,278.82,2752.0,177.5,1.507,1.507,312.15,9.86,-412.0,-26.6,5.576,5.576,1453.13,288.68,3164.0,204.1,15.5,150.9
0.0,0.0,1.0,6.0,0.0,0.0,278.818,1.0,1.0,5.222,5.7,5.7,164.117,1.699,0.952,4.766,9.878,4.178,115.511,2.414,0.939,4.23,15.6,5.722,75.343,3.701,0.914,4.23,15.6,15.6,119.271,1.0,0.914,3.178,2.0,13.6,55.431,2.152,0.751,3.069,0.0,2.0,50.0,2.385,0.751,3.701,3.701,1140.98,278.82,2693.0,173.7,1.507,1.507,279.87,4.31,-212.0,-13.6,5.576,5.576,1420.85,283.13,2905.0,187.4,15.5,160.1
0.0,0.0,1.0,6.0,0.0,0.0,278.818,1.0,1.0,5.222,5.7,5.7,164.117,1.699,0.952,4.766,9.878,4.178,115.511,2.414,0.939,4.23,15.6,5.722,75.343,3.701,0.914,4.23,15.6,15.6,115.391,1.0,0.914,3.023,0.0,15.6,50.0,2.308,0.695,3.023,0.0,0.0,50.0,2.308,0.695,3.701,3.701,1140.98,278.82,2640.0,170.3,1.507,1.507,250.01,0.0,0.0,0.0,5.576,5.576,1390.99,278.82,2640.0,170.3,15.5,170.3
0.0,0.0,1.0,6.0,0.0,0.0,278.818,1.0,1.0,5.222,5.7,5.7,164.117,1.699,0.952,4.66,10.878,5.178,107.073,2.604,0.928,4.231,15.6,4.722,75.368,3.699,0.914,4.231,15.6,15.6,125.369,1.0,0.914,3.838,10.6,5.0,89.612,1.399,0.902,3.124,0.0,10.6,50.0,2.507,0.831,3.699,3.699,1140.98,278.82,2994.0,193.2,1.507,1.507,423.59,38.11,-881.0,-56.8,5.576,5.576,1564.58,316.92,3875.0,250.0,15.5,136.39999999999998
0.0,0.0,1.0,6.0,0.0,0.0,278.818,1.0,1.0,5.222,5.7,5.7,164.117,1.699,0.952,4.66,10.878,5.178,107.073,2.604,0.928,4.231,15.6,4.722,75.368,3.699,0.914,4.231,15.6,15.6,126.272,1.0,0.914,3.662,8.288,7.312,78.785,1.603,0.88,3.137,0.0,8.288,50.0,2.525,0.848,3.699,3.699,1140.98,278.82,2899.0,187.0,1.507,1.507,385.55,26.55,-763.0,-49.2,5.576,5.576,1526.53,305.36,3662.0,236.3,15.5,137.8
0.0,0.0,1.0,6.0,0.0,0.0,278.818,1.0,1.0,5.222,5.7,5.7,164.117,1.699,0.952,4.66,10.878,5.178,107.073,2.604,0.928,4.231,15.6,4.722,75.368,3.699,0.914,4.231,15.6,15.6,125.051,1.0,0.914,3.487,6.0,9.6,69.181,1.808,0.844,3.128,0.0,6.0,50.0,2.501,0.832,3.699,3.699,1140.98,278.82,2816.0,181.7,1.507,1.507,346.19,16.82,-593.0,-38.3,5.576,5.576,1487.17,295.64,3409.0,219.9,15.5,143.39999999999998
0.0,0.0,1.0,6.0,0.0,0.0,278.818,1.0,1.0,5.222,5.7,5.7,164.117,1.699,0.952,4.66,10.878,5.178,107.073,2.604,0.928,4.231,15.6,4.722,75.368,3.699,0.914,4.231,15.6,15.6,122.617,1.0,0.914,3.333,4.0,11.6,61.814,1.984,0.801,3.105,0.0,4.0,50.0,2.452,0.799,3.699,3.699,1140.98,278.82,2751.0,177.5,1.507,1.507,312.22,9.87,-412.0,-26.6,5.576,5.576,1453.21,288.69,3163.0,204.1,15.5,150.9
0.0,0.0,1.0,6.0,0.0,0.0,278.818,1.0,1.0,5.222,5.7,5.7,164.117,1.699,0.952,4.66,10.878,5.178,107.073,2.604,0.928,4.231,15.6,4.722,75.368,3.699,0.914,4.231,15.6,15.6,119.287,1.0,0.914,3.179,2.0,13.6,55.432,2.152,0.751,3.07,0.0,2.0,50.0,2.386,0.751,3.699,3.699,1140.98,278.82,2692.0,173.7,1.507,1.507,279.93,4.31,-211.0,-13.6,5.576,5.576,1420.91,283.13,2904.0,187.3,15.5,160.1
0.0,0.0,1.0,6.0,0.0,0.0,278.818,1.0,1.0,5.222,5.7,5.7,164.117,1.699,0.952,4.66,10.878,5.178,107.073,2.604,0.928,4.231,15.6,4.722,75.368,3.699,0.914,4.231,15.6,15.6,115.405,1.0,0.914,3.023,0.0,15.6,50.0,2.308,0.695,3.023,0.0,0.0,50.0,2.308,0.695,3.699,3.699,1140.98,278.82,2640.0,170.3,1.507,1.507,250.06,0.0,0.0,0.0,5.576,5.576,1391.05,278.82,2640.0,170.3,15.5,170.3
0.0,0.0,1.0,6.0,0.0,0.0,278.818,1.0,1.0,5.222,5.7,5.7,164.117,1.699,0.952,4.554,11.878,6.178,99.621,2.799,0.912,4.225,15.6,3.722,75.678,3.684,0.906,4.225,15.6,15.6,125.232,1.0,0.906,3.834,10.6,5.0,89.552,1.398,0.894,3.121,0.0,10.6,50.0,2.505,0.824,3.684,3.684,1140.98,278.82,3000.0,193.6,1.514,1.514,422.71,38.0,-876.0,-56.5,5.576,5.576,1563.69,316.82,3876.0,250.1,15.5,137.1
0.0,0.0,1.0,6.0,0.0,0.0,278.818,1.0,1.0,5.222,5.7,5.7,164.117,1.699,0.952,4.554,11.878,6.178,99.621,2.799,0.912,4.225,15.6,3.722,75.678,3.684,0.906,4.225,15.6,15.6,126.131,1.0,0.906,3.658,8.288,7.312,78.743,1.602,0.872,3.134,0.0,8.288,50.0,2.523,0.84,3.684,3.684,1140.98,278.82,2905.0,187.4,1.514,1.514,384.77,26.48,-759.0,-48.9,5.576,5.576,1525.76,305.29,3664.0,236.4,15.5,138.5
0.0,0.0,1.0,6.0,0.0,0.0,278.818,1.0,1.0,5.222,5.7,5.7,164.117,1.699,0.952,4.554,11.878,6.178,99.621,2.799,0.912,4.225,15.6,3.722,75.678,3.684,0.906,4.225,15.6,15.6,124.915,1.0,0.906,3.483,6.0,9.6,69.155,1.806,0.836,3.125,0.0,6.0,50.0,2.498,0.825,3.684,3.684,1140.98,278.82,2821.0,182.0,1.514,1.514,345.53,16.78,-590.0,-38.1,5.576,5.576,1486.51,295.6,3411.0,220.1,15.5,143.9
0.0,0.0,1.0,6.0,0.0,0.0,278.818,1.0,1.0,5.222,5.7,5.7,164.117,1.699,0.952,4.554,11.878,6.178,99.621,2.799,0.912,4.225,15.6,3.722,75.678,3.684,0.906,4.225,15.6,15.6,122.491,1.0,0.906,3.33,4.0,11.6,61.798,1.982,0.795,3.102,0.0,4.0,50.0,2.45,0.792,3.684,3.684,1140.98,278.82,2756.0,177.8,1.514,1.514,311.67,9.85,-410.0,-26.4,5.576,5.576,1452.66,288.66,3166.0,204.3,15.5,151.4
0.0,0.0,1.0,6.0,0.0,0.0,278.818,1.0,1.0,5.222,5.7,5.7,164.117,1.699,0.952,4.554,11.878,6.178,99.621,2.799,0.912,4.225,15.6,3.722,75.678,3.684,0.906,4.225,15.6,15.6,119.173,1.0,0.906,3.175,2.0,13.6,55.425,2.15,0.745,3.066,0.0,2.0,50.0,2.383,0.745,3.684,3.684,1140.98,278.82,2698.0,174.1,1.514,1.514,279.48,4.3,-210.0,-13.6,5.576,5.576,1420.46,283.12,2908.0,187.6,15.5,160.5
0.0,0.0,1.0,6.0,0.0,0.0,278.818,1.0,1.0,5.222,5.7,5.7,164.117,1.699,0.952,4.554,11.878,6.178,99.621,2.799,0.912,4.225,15.6,3.722,75.678,3.684,0.906,4.225,15.6,15.6,115.305,1.0,0.906,3.02,0.0,15.6,50.0,2.306,0.69,3.02,0.0,0.0,50.0,2.306,0.69,3.684,3.684,1140.98,278.82,2645.0,170.7,1.514,1.514,249.69,0.0,0.0,0.0,5.576,5.576,1390.67,278.82,2645.0,170.7,15.5,170.7
0.0,0.0,1.0,6.0,0.0,0.0,278.818,1.0,1.0,5.089,6.7,6.7,151.834,1.836,0.927,4.753,9.878,3.178,116.501,2.393,0.921,4.22,15.6,5.722,76.073,3.665,0.897,4.22,15.6,15.6,125.079,1.0,0.897,3.829,10.6,5.0,89.485,1.398,0.885,3.117,0.0,10.6,50.0,2.502,0.816,3.665,3.665,1072.08,278.82,3007.0,194.0,1.521,1.521,421.72,37.88,-871.0,-56.2,5.576,5.576,1493.8,316.7,3877.0,250.1,15.5,137.8
0.0,0.0,1.0,6.0,0.0,0.0,278.818,1.0,1.0,5.089,6.7,6.7,151.834,1.836,0.927,4.753,9.878,3.178,116.501,2.393,0.921,4.22,15.6,5.722,76.073,3.665,0.897,4.22,15.6,15.6,125.974,1.0,0.897,3.653,8.288,7.312,78.696,1.601,0.863,3.13,0.0,8.288,50.0,2.519,0.832,3.665,3.665,1072.08,278.82,2911.0,187.8,1.521,1.521,383.91,26.4,-754.0,-48.6,5.576,5.576,1455.99,305.22,3665.0,236.4,15.5,139.20000000000002
0.0,0.0,1.0,6.0,0.0,0.0,278.818,1.0,1.0,5.089,6.7,6.7,151.834,1.836,0.927,4.753,9.878,3.178,116.501,2.393,0.921,4.22,15.6,5.722,76.073,3.665,0.897,4.22,15.6,15.6,124.765,1.0,0.897,3.479,6.0,9.6,69.125,1.805,0.828,3.121,0.0,6.0,50.0,2.495,0.817,3.665,3.665,1072.08,278.82,2828.0,182.4,1.521,1.521,344.81,16.73,-586.0,-37.8,5.576,5.576,1416.88,295.55,3414.0,220.2,15.5,144.60000000000002
0.0,0.0,1.0,6.0,0.0,0.0,278.818,1.0,1.0,5.089,6.7,6.7,151.834,1.836,0.927,4.753,9.878,3.178,116.501,2.393,0.921,4.22,15.6,5.722,76.073,3.665,0.897,4.22,15.6,15.6,122.351,1.0,0.897,3.326,4.0,11.6,61.781,1.98,0.787,3.098,0.0,4.0,50.0,2.447,0.784,3.665,3.665,1072.08,278.82,2763.0,178.2,1.521,1.521,311.06,9.82,-407.0,-26.3,5.576,5.576,1383.14,288.64,3170.0,204.5,15.5,151.89999999999998
0.0,0.0,1.0,6.0,0.0,0.0,278.818,1.0,1.0,5.089,6.7,6.7,151.834,1.836,0.927,4.753,9.878,3.178,116.501,2.393,0.921,4.22,15.6,5.722,76.073,3.665,0.897,4.22,15.6,15.6,119.046,1.0,0.897,3.171,2.0,13.6,55.418,2.148,0.738,3.063,0.0,2.0,50.0,2.381,0.738,3.665,3.665,1072.08,278.82,2704.0,174.5,1.521,1.521,278.97,4.29,-209.0,-13.5,5.576,5.576,1351.04,283.11,2913.0,187.9,15.5,161.0
0.0,0.0,1.0,6.0,0.0,0.0,278.818,1.0,1.0,5.089,6.7,6.7,151.834,1.836,0.927,4.753,9.878,3.178,116.501,2.393,0.921,4.22,15.6,5.722,76.073,3.665,0.897,4.22,15.6,15.6,115.192,1.0,0.897,3.017,0.0,15.6,50.0,2.304,0.683,3.017,0.0,0.0,50.0,2.304,0.683,3.665,3.665,1072.08,278.82,2651.0,171.0,1.521,1.521,249.27,0.0,0.0,0.0,5.576,5.576,1321.35,278.82,2651.0,171.0,15.5,171.0
0.0,0.0,1.0,6.0,0.0,0.0,278.818,1.0,1.0,5.089,6.7,6.7,151.834,1.836,0.927,4.651,10.878,4.178,107.818,2.586,0.914,4.223,15.6,4.722,75.942,3.671,0.901,4.223,15.6,15.6,125.171,1.0,0.901,3.832,10.6,5.0,89.526,1.398,0.889,3.12,0.0,10.6,50.0,2.503,0.82,3.671,3.671,1072.08,278.82,3003.0,193.7,1.519,1.519,422.32,37.96,-873.0,-56.3,5.576,5.576,1494.4,316.77,3875.0,250.0,15.5,137.39999999999998
0.0,0.0,1.0,6.0,0.0,0.0,278.818,1.0,1.0,5.089,6.7,6.7,151.834,1.836,0.927,4.651,10.878,4.178,107.818,2.586,0.914,4.223,15.6,4.722,75.942,3.671,0.901,4.223,15.6,15.6,126.069,1.0,0.901,3.656,8.288,7.312,78.725,1.601,0.867,3.132,0.0,8.288,50.0,2.521,0.836,3.671,3.671,1072.08,278.82,2907.0,187.6,1.519,1.519,384.43,26.45,-756.0,-48.8,5.576,5.576,1456.51,305.26,3663.0,236.3,15.5,138.8
0.0,0.0,1.0,6.0,0.0,0.0,278.818,1.0,1.0,5.089,6.7,6.7,151.834,1.836,0.927,4.651,10.878,4.178,107.818,2.586,0.914,4.223,15.6,4.722,75.942,3.671,0.901,4.223,15.6,15.6,124.856,1.0,0.901,3.482,6.0,9.6,69.143,1.806,0.832,3.124,0.0,6.0,50.0,2.497,0.821,3.671,3.671,1072.08,278.82,2824.0,182.2,1.519,1.519,345.24,16.76,-587.0,-37.9,5.576,5.576,1417.32,295.58,3411.0,220.1,15.5,144.29999999999998
0.0,0.0,1.0,6.0,0.0,0.0,278.818,1.0,1.0,5.089,6.7,6.7,151.834,1.836,0.927,4.651,10.878,4.178,107.818,2.586,0.914,4.223,15.6,4.722,75.942,3.671,0.901,4.223,15.6,15.6,122.436,1.0,0.901,3.328,4.0,11.6,61.792,1.981,0.791,3.1,0.0,4.0,50.0,2.449,0.788,3.671,3.671,1072.08,278.82,2759.0,178.0,1.519,1.519,311.43,9.84,-408.0,-26.3,5.576,5.576,1383.51,288.65,3167.0,204.3,15.5,151.7
0.0,0.0,1.0,6.0,0.0,0.0,278.818,1.0,1.0,5.089,6.7,6.7,151.834,1.836,0.927,4.651,10.878,4.178,107.818,2.586,0.914,4.223,15.6,4.722,75.942,3.671,0.901,4.223,15.6,15.6,119.123,1.0,0.901,3.174,2.0,13.6,55.422,2.149,0.741,3.065,0.0,2.0,50.0,2.382,0.741,3.671,3.671,1072.08,278.82,2700.0,174.2,1.519,1.519,279.27,4.3,-210.0,-13.5,5.576,5.576,1351.35,283.11,2910.0,187.7,15.5,160.7
0.0,0.0,1.0,6.0,0.0,0.0,278.818,1.0,1.0,5.089,6.7,6.7,151.834,1.836,0.927,4.651,10.878,4.178,107.818,2.586,0.914,4.223,15.6,4.722,75.942,3.671,0.901,4.223,15.6,15.6,115.26,1.0,0.901,3.019,0.0,15.6,50.0,2.305,0.686,3.019,0.0,0.0,50.0,2.305,0.686,3.671,3.671,1072.08,278.82,2648.0,170.8,1.519,1.519,249.52,0.0,0.0,0.0,5.576,5.576,1321.6,278.82,2648.0,170.8,15.5,170.8
0.0,0.0,1.0,6.0,0.0,0.0,278.818,1.0,1.0,5.089,6.7,6.7,151.834,1.836,0.927,4.549,11.878,5.178,100.113,2.785,0.904,4.221,15.6,3.722,76.073,3.665,0.898,4.221,15.6,15.6,125.123,1.0,0.898,3.83,10.6,5.0,89.504,1.398,0.886,3.118,0.0,10.6,50.0,2.502,0.817,3.665,3.665,1072.08,278.82,3005.0,193.9,1.521,1.521,422.01,37.92,-871.0,-56.2,5.576,5.576,1494.08,316.74,3876.0,250.0,15.5,137.7
0.0,0.0,1.0,6.0,0.0,0.0,278.818,1.0,1.0,5.089,6.7,6.7,151.834,1.836,0.927,4.549,11.878,5.178,100.113,2.785,0.904,4.221,15.6,3.722,76.073,3.665,0.898,4.221,15.6,15.6,126.019,1.0,0.898,3.654,8.288,7.312,78.71,1.601,0.864,3.131,0.0,8.288,50.0,2.52,0.833,3.665,3.665,1072.08,278.82,2909.0,187.7,1.521,1.521,384.16,26.42,-754.0,-48.6,5.576,5.576,1456.24,305.24,3663.0,236.3,15.5,139.1
0.0,0.0,1.0,6.0,0.0,0.0,278.818,1.0,1.0,5.089,6.7,6.7,151.834,1.836,0.927,4.549,11.878,5.178,100.113,2.785,0.904,4.221,15.6,3.722,76.073,3.665,0.898,4.221,15.6,15.6,124.808,1.0,0.898,3.48,6.0,9.6,69.133,1.805,0.829,3.122,0.0,6.0,50.0,2.496,0.818,3.665,3.665,1072.08,278.82,2826.0,182.3,1.521,1.521,345.01,16.75,-586.0,-37.8,5.576,5.576,1417.09,295.57,3412.0,220.1,15.5,144.5
0.0,0.0,1.0,6.0,0.0,0.0,278.818,1.0,1.0,5.089,6.7,6.7,151.834,1.836,0.927,4.549,11.878,5.178,100.113,2.785,0.904,4.221,15.6,3.722,76.073,3.665,0.898,4.221,15.6,15.6,122.391,1.0,0.898,3.327,4.0,11.6,61.786,1.981,0.788,3.099,0.0,4.0,50.0,2.448,0.785,3.665,3.665,1072.08,278.82,2761.0,178.1,1.521,1.521,311.24,9.83,-407.0,-26.3,5.576,5.576,1383.31,288.64,3168.0,204.4,15.5,151.79999999999998
0.0,0.0,1.0,6.0,0.0,0.0,278.818,1.0,1.0,5.089,6.7,6.7,151.834,1.836,0.927,4.549,11.878,5.178,100.113,2.785,0.904,4.221,15.6,3.722,76.073,3.665,0.898,4.221,15.6,15.6,119.082,1.0,0.898,3.173,2.0,13.6,55.42,2.149,0.739,3.064,0.0,2.0,50.0,2.382,0.739,3.665,3.665,1072.08,278.82,2702.0,174.3,1.521,1.521,279.11,4.29,-209.0,-13.5,5.576,5.576,1351.19,283.11,2911.0,187.8,15.5,160.8
