粘性,钝度,二维,第1壁面切向角,第2壁面切向角,第3壁面切向角,第4壁面切向角,来流马赫数,喉道高度,喉道马赫数,流量系数,总压恢复系数,比阻,内收缩比,总收缩比,捕获流量
0,0,1,2.647,7.635,15,10,3,150.374,1.745,1,0.964,117.2,1.597,3.007,17
0,0,1,2.647,7.635,15,7.845,3,150.374,1.748,1,0.967,116.8,1.597,3.007,17
0,0,1,2.647,7.635,15,6,3,150.374,1.746,1,0.965,116.9,1.597,3.007,17
0,0,1,2.647,7.635,15,4,3,150.374,1.741,1,0.956,117.5,1.597,3.007,17
0,0,1,2.647,7.635,15,2,3,150.374,1.731,1,0.942,118.7,1.597,3.007,17
0,0,1,2.647,7.635,15,0,3,150.374,1.717,1,0.923,120.1,1.597,3.007,17
0,0,1,2.647,8.635,15,10,3,150.374,1.745,1,0.965,117.1,1.597,3.007,17
0,0,1,2.647,8.635,15,7.845,3,150.374,1.748,1,0.968,116.7,1.597,3.007,17
0,0,1,2.647,8.635,15,6,3,150.374,1.747,1,0.966,116.9,1.597,3.007,17
0,0,1,2.647,8.635,15,4,3,150.374,1.741,1,0.957,117.5,1.597,3.007,17
0,0,1,2.647,8.635,15,2,3,150.374,1.732,1,0.943,118.6,1.597,3.007,17
0,0,1,2.647,8.635,15,0,3,150.374,1.718,1,0.924,120,1.597,3.007,17
0,0,1,2.647,9.635,15,10,3,150.374,1.745,1,0.963,117.2,1.598,3.007,17
0,0,1,2.647,9.635,15,7.845,3,150.374,1.748,1,0.967,116.8,1.598,3.007,17
0,0,1,2.647,9.635,15,6,3,150.374,1.746,1,0.964,116.9,1.598,3.007,17
0,0,1,2.647,9.635,15,4,3,150.374,1.741,1,0.956,117.6,1.598,3.007,17
0,0,1,2.647,9.635,15,2,3,150.374,1.731,1,0.942,118.7,1.598,3.007,17
0,0,1,2.647,9.635,15,0,3,150.374,1.717,1,0.923,120.1,1.598,3.007,17
0,0,1,3.647,7.635,15,10,3,150.374,1.745,1,0.965,117.1,1.597,3.007,17
0,0,1,3.647,7.635,15,7.845,3,150.374,1.748,1,0.968,116.7,1.597,3.007,17
0,0,1,3.647,7.635,15,6,3,150.374,1.747,1,0.966,116.9,1.597,3.007,17
0,0,1,3.647,7.635,15,4,3,150.374,1.741,1,0.957,117.5,1.597,3.007,17
0,0,1,3.647,7.635,15,2,3,150.374,1.731,1,0.943,118.6,1.597,3.007,17
0,0,1,3.647,7.635,15,0,3,150.374,1.718,1,0.924,120.1,1.597,3.007,17
0,0,1,3.647,8.635,15,10,3,150.374,1.746,1,0.967,117,1.595,3.007,17
0,0,1,3.647,8.635,15,7.845,3,150.374,1.749,1,0.971,116.6,1.595,3.007,17
0,0,1,3.647,8.635,15,6,3,150.374,1.748,1,0.968,116.7,1.595,3.007,17
0,0,1,3.647,8.635,15,4,3,150.374,1.742,1,0.959,117.3,1.595,3.007,17
0,0,1,3.647,8.635,15,2,3,150.374,1.733,1,0.945,118.5,1.595,3.007,17
0,0,1,3.647,8.635,15,0,3,150.374,1.719,1,0.926,119.9,1.595,3.007,17
0,0,1,3.647,9.635,15,10,3,150.374,1.746,1,0.967,117,1.595,3.007,17
0,0,1,3.647,9.635,15,7.845,3,150.374,1.749,1,0.97,116.6,1.595,3.007,17
0,0,1,3.647,9.635,15,6,3,150.374,1.748,1,0.968,116.7,1.595,3.007,17
0,0,1,3.647,9.635,15,4,3,150.374,1.742,1,0.959,117.3,1.595,3.007,17
0,0,1,3.647,9.635,15,2,3,150.374,1.733,1,0.945,118.5,1.595,3.007,17
0,0,1,3.647,9.635,15,0,3,150.374,1.719,1,0.926,119.9,1.595,3.007,17
0,0,1,3.647,10.635,15,10,3,150.374,1.745,1,0.964,117.1,1.597,3.007,17
0,0,1,3.647,10.635,15,7.845,3,150.374,1.748,1,0.968,116.7,1.597,3.007,17
0,0,1,3.647,10.635,15,6,3,150.374,1.747,1,0.966,116.8,1.597,3.007,17
0,0,1,3.647,10.635,15,4,3,150.374,1.741,1,0.957,117.5,1.597,3.007,17
0,0,1,3.647,10.635,15,2,3,150.374,1.732,1,0.943,118.6,1.597,3.007,17
0,0,1,3.647,10.635,15,0,3,150.374,1.718,1,0.924,120,1.597,3.007,17
0,0,1,4.647,7.635,15,10,3,150.374,1.745,1,0.964,117.2,1.597,3.007,17
0,0,1,4.647,7.635,15,7.845,3,150.374,1.748,1,0.968,116.8,1.597,3.007,17
0,0,1,4.647,7.635,15,6,3,150.374,1.746,1,0.965,116.9,1.597,3.007,17
0,0,1,4.647,7.635,15,4,3,150.374,1.741,1,0.956,117.5,1.597,3.007,17
0,0,1,4.647,7.635,15,2,3,150.374,1.731,1,0.942,118.7,1.597,3.007,17
0,0,1,4.647,7.635,15,0,3,150.374,1.717,1,0.924,120.1,1.597,3.007,17
0,0,1,4.647,8.635,15,10,3,150.374,1.746,1,0.967,117,1.595,3.007,17
0,0,1,4.647,8.635,15,7.845,3,150.374,1.749,1,0.971,116.6,1.595,3.007,17
0,0,1,4.647,8.635,15,6,3,150.374,1.748,1,0.968,116.7,1.595,3.007,17
0,0,1,4.647,8.635,15,4,3,150.374,1.742,1,0.959,117.3,1.595,3.007,17
0,0,1,4.647,8.635,15,2,3,150.374,1.733,1,0.945,118.5,1.595,3.007,17
0,0,1,4.647,8.635,15,0,3,150.374,1.719,1,0.926,119.9,1.595,3.007,17
0,0,1,4.647,9.635,15,10,3,150.374,1.747,1,0.968,116.9,1.595,3.007,17
0,0,1,4.647,9.635,15,7.845,3,150.374,1.75,1,0.972,116.5,1.595,3.007,17
0,0,1,4.647,9.635,15,6,3,150.374,1.749,1,0.969,116.7,1.595,3.007,17
0,0,1,4.647,9.635,15,4,3,150.374,1.743,1,0.96,117.3,1.595,3.007,17
0,0,1,4.647,9.635,15,2,3,150.374,1.733,1,0.946,118.4,1.595,3.007,17
0,0,1,4.647,9.635,15,0,3,150.374,1.72,1,0.927,119.8,1.595,3.007,17
0,0,1,4.647,10.635,15,10,3,150.374,1.747,1,0.967,117,1.595,3.007,17
0,0,1,4.647,10.635,15,7.845,3,150.374,1.75,1,0.971,116.6,1.595,3.007,17
0,0,1,4.647,10.635,15,6,3,150.374,1.748,1,0.968,116.7,1.595,3.007,17
0,0,1,4.647,10.635,15,4,3,150.374,1.743,1,0.959,117.3,1.595,3.007,17
0,0,1,4.647,10.635,15,2,3,150.374,1.733,1,0.945,118.5,1.595,3.007,17
0,0,1,4.647,10.635,15,0,3,150.374,1.719,1,0.926,119.9,1.595,3.007,17
0,0,1,4.647,11.635,15,10,3,150.374,1.745,1,0.964,117.1,1.598,3.007,17
0,0,1,4.647,11.635,15,7.845,3,150.374,1.748,1,0.968,116.7,1.598,3.007,17
0,0,1,4.647,11.635,15,6,3,150.374,1.747,1,0.965,116.9,1.598,3.007,17
0,0,1,4.647,11.635,15,4,3,150.374,1.741,1,0.957,117.5,1.598,3.007,17
0,0,1,4.647,11.635,15,2,3,150.374,1.731,1,0.943,118.6,1.598,3.007,17
0,0,1,4.647,11.635,15,0,3,150.374,1.718,1,0.924,120,1.598,3.007,17
0,0,1,5.647,8.635,15,10,3,150.374,1.746,1,0.965,117.1,1.597,3.007,17
0,0,1,5.647,8.635,15,7.845,3,150.374,1.749,1,0.969,116.7,1.597,3.007,17
0,0,1,5.647,8.635,15,6,3,150.374,1.747,1,0.966,116.8,1.597,3.007,17
0,0,1,5.647,8.635,15,4,3,150.374,1.742,1,0.957,117.4,1.597,3.007,17
0,0,1,5.647,8.635,15,2,3,150.374,1.732,1,0.943,118.6,1.597,3.007,17
0,0,1,5.647,8.635,15,0,3,150.374,1.718,1,0.925,120,1.597,3.007,17
0,0,1,5.647,9.635,15,10,3,150.374,1.747,1,0.967,117,1.596,3.007,17
0,0,1,5.647,9.635,15,7.845,3,150.374,1.75,1,0.97,116.6,1.596,3.007,17
0,0,1,5.647,9.635,15,6,3,150.374,1.748,1,0.968,116.7,1.596,3.007,17
0,0,1,5.647,9.635,15,4,3,150.374,1.742,1,0.959,117.3,1.596,3.007,17
0,0,1,5.647,9.635,15,2,3,150.374,1.733,1,0.945,118.5,1.596,3.007,17
0,0,1,5.647,9.635,15,0,3,150.374,1.719,1,0.926,119.9,1.596,3.007,17
0,0,1,5.647,10.635,15,10,3,150.374,1.747,1,0.967,117,1.596,3.007,17
0,0,1,5.647,10.635,15,7.845,3,150.374,1.75,1,0.971,116.6,1.596,3.007,17
0,0,1,5.647,10.635,15,6,3,150.374,1.748,1,0.968,116.7,1.596,3.007,17
0,0,1,5.647,10.635,15,4,3,150.374,1.743,1,0.959,117.3,1.596,3.007,17
0,0,1,5.647,10.635,15,2,3,150.374,1.733,1,0.945,118.4,1.596,3.007,17
0,0,1,5.647,10.635,15,0,3,150.374,1.719,1,0.926,119.9,1.596,3.007,17
0,0,1,5.647,11.635,15,10,3,150.374,1.746,1,0.965,117.1,1.597,3.007,17
0,0,1,5.647,11.635,15,7.845,3,150.374,1.749,1,0.969,116.7,1.597,3.007,17
0,0,1,5.647,11.635,15,6,3,150.374,1.747,1,0.966,116.8,1.597,3.007,17
0,0,1,5.647,11.635,15,4,3,150.374,1.742,1,0.958,117.4,1.597,3.007,17
0,0,1,5.647,11.635,15,2,3,150.374,1.732,1,0.944,118.5,1.597,3.007,17
0,0,1,5.647,11.635,15,0,3,150.374,1.718,1,0.925,120,1.597,3.007,17
0,0,1,6.647,9.635,15,10,3,150.374,1.745,1,0.963,117.2,1.598,3.007,17
0,0,1,6.647,9.635,15,7.845,3,150.374,1.748,1,0.967,116.7,1.598,3.007,17
0,0,1,6.647,9.635,15,6,3,150.374,1.747,1,0.965,116.9,1.598,3.007,17
0,0,1,6.647,9.635,15,4,3,150.374,1.741,1,0.956,117.6,1.598,3.007,17
0,0,1,6.647,9.635,15,2,3,150.374,1.731,1,0.942,118.6,1.598,3.007,17
0,0,1,6.647,9.635,15,0,3,150.374,1.718,1,0.923,120.1,1.598,3.007,17
0,0,1,6.647,10.635,15,10,3,150.374,1.746,1,0.964,117.1,1.598,3.007,17
0,0,1,6.647,10.635,15,7.845,3,150.374,1.749,1,0.968,116.7,1.598,3.007,17
0,0,1,6.647,10.635,15,6,3,150.374,1.747,1,0.966,116.8,1.598,3.007,17
0,0,1,6.647,10.635,15,4,3,150.374,1.742,1,0.957,117.4,1.598,3.007,17
0,0,1,6.647,10.635,15,2,3,150.374,1.732,1,0.943,118.6,1.598,3.007,17
0,0,1,6.647,10.635,15,0,3,150.374,1.718,1,0.924,120,1.598,3.007,17
0,0,1,6.647,11.635,15,10,3,150.374,1.745,1,0.964,117.1,1.598,3.007,17
0,0,1,6.647,11.635,15,7.845,3,150.374,1.748,1,0.968,116.7,1.598,3.007,17
0,0,1,6.647,11.635,15,6,3,150.374,1.747,1,0.965,116.8,1.598,3.007,17
0,0,1,6.647,11.635,15,4,3,150.374,1.741,1,0.956,117.5,1.598,3.007,17
0,0,1,6.647,11.635,15,2,3,150.374,1.732,1,0.942,118.6,1.598,3.007,17
0,0,1,2.845,8.126,15.9,10.9,4,198.907,2.245,1,0.92,134.9,1.61,3.978,16.8
0,0,1,2.845,8.126,15.9,8.406,4,198.907,2.251,1,0.929,134.8,1.61,3.978,16.8
0,0,1,2.845,8.126,15.9,6,4,198.907,2.247,1,0.921,136.3,1.61,3.978,16.8
0,0,1,2.845,8.126,15.9,4,4,198.907,2.236,1,0.904,138.7,1.61,3.978,16.8
0,0,1,2.845,8.126,15.9,2,4,198.907,2.219,1,0.878,141.8,1.61,3.978,16.8
0,0,1,2.845,8.126,15.9,0,4,198.907,2.197,1,0.846,145.5,1.61,3.978,16.8
0,0,1,2.845,9.126,15.9,10.9,4,198.907,2.246,1,0.922,134.7,1.609,3.978,16.8
0,0,1,2.845,9.126,15.9,8.406,4,198.907,2.252,1,0.931,134.6,1.609,3.978,16.8
0,0,1,2.845,9.126,15.9,6,4,198.907,2.248,1,0.923,136.2,1.609,3.978,16.8
0,0,1,2.845,9.126,15.9,4,4,198.907,2.237,1,0.905,138.5,1.609,3.978,16.8
0,0,1,2.845,9.126,15.9,2,4,198.907,2.221,1,0.88,141.7,1.609,3.978,16.8
0,0,1,2.845,9.126,15.9,0,4,198.907,2.198,1,0.847,145.4,1.609,3.978,16.8
0,0,1,2.845,10.126,15.9,10.9,4,198.907,2.245,1,0.919,134.9,1.612,3.978,16.8
0,0,1,2.845,10.126,15.9,8.406,4,198.907,2.251,1,0.928,134.8,1.612,3.978,16.8
0,0,1,2.845,10.126,15.9,6,4,198.907,2.247,1,0.92,136.4,1.612,3.978,16.8
0,0,1,2.845,10.126,15.9,4,4,198.907,2.236,1,0.903,138.6,1.612,3.978,16.8
0,0,1,2.845,10.126,15.9,2,4,198.907,2.22,1,0.877,141.8,1.612,3.978,16.8
0,0,1,2.845,10.126,15.9,0,4,198.907,2.197,1,0.845,145.5,1.612,3.978,16.8
0,0,1,3.845,8.126,15.9,10.9,4,198.907,2.246,1,0.922,134.7,1.609,3.978,16.8
0,0,1,3.845,8.126,15.9,8.406,4,198.907,2.252,1,0.931,134.7,1.609,3.978,16.8
0,0,1,3.845,8.126,15.9,6,4,198.907,2.248,1,0.923,136.2,1.609,3.978,16.8
0,0,1,3.845,8.126,15.9,4,4,198.907,2.237,1,0.906,138.5,1.609,3.978,16.8
0,0,1,3.845,8.126,15.9,2,4,198.907,2.22,1,0.88,141.7,1.609,3.978,16.8
0,0,1,3.845,8.126,15.9,0,4,198.907,2.198,1,0.848,145.4,1.609,3.978,16.8
0,0,1,3.845,9.126,15.9,10.9,4,198.907,2.248,1,0.926,134.4,1.606,3.978,16.8
0,0,1,3.845,9.126,15.9,8.406,4,198.907,2.254,1,0.935,134.3,1.606,3.978,16.8
0,0,1,3.845,9.126,15.9,6,4,198.907,2.25,1,0.927,135.9,1.606,3.978,16.8
0,0,1,3.845,9.126,15.9,4,4,198.907,2.239,1,0.91,138.3,1.606,3.978,16.8
0,0,1,3.845,9.126,15.9,2,4,198.907,2.222,1,0.884,141.4,1.606,3.978,16.8
0,0,1,3.845,9.126,15.9,0,4,198.907,2.2,1,0.851,145.1,1.606,3.978,16.8
0,0,1,3.845,10.126,15.9,10.9,4,198.907,2.248,1,0.926,134.4,1.606,3.978,16.8
0,0,1,3.845,10.126,15.9,8.406,4,198.907,2.255,1,0.935,134.3,1.606,3.978,16.8
0,0,1,3.845,10.126,15.9,6,4,198.907,2.25,1,0.927,135.9,1.606,3.978,16.8
0,0,1,3.845,10.126,15.9,4,4,198.907,2.24,1,0.909,138.3,1.606,3.978,16.8
0,0,1,3.845,10.126,15.9,2,4,198.907,2.223,1,0.883,141.3,1.606,3.978,16.8
0,0,1,3.845,10.126,15.9,0,4,198.907,2.2,1,0.851,145.1,1.606,3.978,16.8
0,0,1,3.845,11.126,15.9,10.9,4,198.907,2.246,1,0.922,134.7,1.61,3.978,16.8
0,0,1,3.845,11.126,15.9,8.406,4,198.907,2.253,1,0.931,134.6,1.61,3.978,16.8
0,0,1,3.845,11.126,15.9,6,4,198.907,2.249,1,0.923,136.1,1.61,3.978,16.8
0,0,1,3.845,11.126,15.9,4,4,198.907,2.238,1,0.905,138.5,1.61,3.978,16.8
0,0,1,3.845,11.126,15.9,2,4,198.907,2.221,1,0.88,141.7,1.61,3.978,16.8
0,0,1,3.845,11.126,15.9,0,4,198.907,2.198,1,0.847,145.3,1.61,3.978,16.8
0,0,1,4.845,8.126,15.9,10.9,4,198.907,2.245,1,0.92,134.9,1.61,3.978,16.8
0,0,1,4.845,8.126,15.9,8.406,4,198.907,2.252,1,0.93,134.7,1.61,3.978,16.8
0,0,1,4.845,8.126,15.9,6,4,198.907,2.248,1,0.922,136.3,1.61,3.978,16.8
0,0,1,4.845,8.126,15.9,4,4,198.907,2.237,1,0.904,138.6,1.61,3.978,16.8
0,0,1,4.845,8.126,15.9,2,4,198.907,2.22,1,0.879,141.8,1.61,3.978,16.8
0,0,1,4.845,8.126,15.9,0,4,198.907,2.197,1,0.846,145.5,1.61,3.978,16.8
0,0,1,4.845,9.126,15.9,10.9,4,198.907,2.248,1,0.926,134.3,1.606,3.978,16.8
0,0,1,4.845,9.126,15.9,8.406,4,198.907,2.255,1,0.935,134.3,1.606,3.978,16.8
0,0,1,4.845,9.126,15.9,6,4,198.907,2.25,1,0.928,135.9,1.606,3.978,16.8
0,0,1,4.845,9.126,15.9,4,4,198.907,2.24,1,0.91,138.3,1.606,3.978,16.8
0,0,1,4.845,9.126,15.9,2,4,198.907,2.223,1,0.884,141.3,1.606,3.978,16.8
0,0,1,4.845,9.126,15.9,0,4,198.907,2.2,1,0.851,145.1,1.606,3.978,16.8
0,0,1,4.845,10.126,15.9,10.9,4,198.907,2.249,1,0.928,134.2,1.605,3.978,16.8
0,0,1,4.845,10.126,15.9,8.406,4,198.907,2.256,1,0.937,134.2,1.605,3.978,16.8
0,0,1,4.845,10.126,15.9,6,4,198.907,2.251,1,0.929,135.8,1.605,3.978,16.8
0,0,1,4.845,10.126,15.9,4,4,198.907,2.241,1,0.912,138.1,1.605,3.978,16.8
0,0,1,4.845,10.126,15.9,2,4,198.907,2.224,1,0.885,141.2,1.605,3.978,16.8
0,0,1,4.845,10.126,15.9,0,4,198.907,2.201,1,0.853,145,1.605,3.978,16.8
0,0,1,4.845,11.126,15.9,10.9,4,198.907,2.248,1,0.926,134.4,1.606,3.978,16.8
0,0,1,4.845,11.126,15.9,8.406,4,198.907,2.255,1,0.936,134.2,1.606,3.978,16.8
0,0,1,4.845,11.126,15.9,6,4,198.907,2.251,1,0.928,135.9,1.606,3.978,16.8
0,0,1,4.845,11.126,15.9,4,4,198.907,2.24,1,0.91,138.2,1.606,3.978,16.8
0,0,1,4.845,11.126,15.9,2,4,198.907,2.223,1,0.884,141.3,1.606,3.978,16.8
0,0,1,4.845,11.126,15.9,0,4,198.907,2.2,1,0.851,145.1,1.606,3.978,16.8
0,0,1,4.845,12.126,15.9,10.9,4,198.907,2.246,1,0.921,134.8,1.611,3.978,16.8
0,0,1,4.845,12.126,15.9,8.406,4,198.907,2.253,1,0.93,134.6,1.611,3.978,16.8
0,0,1,4.845,12.126,15.9,6,4,198.907,2.248,1,0.922,136.2,1.611,3.978,16.8
0,0,1,4.845,12.126,15.9,4,4,198.907,2.238,1,0.905,138.5,1.611,3.978,16.8
0,0,1,4.845,12.126,15.9,2,4,198.907,2.221,1,0.879,141.7,1.611,3.978,16.8
0,0,1,4.845,12.126,15.9,0,4,198.907,2.198,1,0.847,145.4,1.611,3.978,16.8
0,0,1,5.845,9.126,15.9,10.9,4,198.907,2.247,1,0.922,134.6,1.609,3.978,16.8
0,0,1,5.845,9.126,15.9,8.406,4,198.907,2.253,1,0.932,134.6,1.609,3.978,16.8
0,0,1,5.845,9.126,15.9,6,4,198.907,2.249,1,0.924,136.1,1.609,3.978,16.8
0,0,1,5.845,9.126,15.9,4,4,198.907,2.238,1,0.906,138.4,1.609,3.978,16.8
0,0,1,5.845,9.126,15.9,2,4,198.907,2.221,1,0.88,141.6,1.609,3.978,16.8
0,0,1,5.845,9.126,15.9,0,4,198.907,2.199,1,0.848,145.3,1.609,3.978,16.8
0,0,1,5.845,10.126,15.9,10.9,4,198.907,2.248,1,0.926,134.4,1.607,3.978,16.8
0,0,1,5.845,10.126,15.9,8.406,4,198.907,2.255,1,0.935,134.2,1.607,3.978,16.8
0,0,1,5.845,10.126,15.9,6,4,198.907,2.251,1,0.927,135.9,1.607,3.978,16.8
0,0,1,5.845,10.126,15.9,4,4,198.907,2.24,1,0.91,138.2,1.607,3.978,16.8
0,0,1,5.845,10.126,15.9,2,4,198.907,2.223,1,0.884,141.3,1.607,3.978,16.8
0,0,1,5.845,10.126,15.9,0,4,198.907,2.2,1,0.851,145.1,1.607,3.978,16.8
0,0,1,5.845,11.126,15.9,10.9,4,198.907,2.249,1,0.926,134.4,1.607,3.978,16.8
0,0,1,5.845,11.126,15.9,8.406,4,198.907,2.255,1,0.935,134.2,1.607,3.978,16.8
0,0,1,5.845,11.126,15.9,6,4,198.907,2.251,1,0.927,135.8,1.607,3.978,16.8
0,0,1,5.845,11.126,15.9,4,4,198.907,2.24,1,0.91,138.2,1.607,3.978,16.8
0,0,1,5.845,11.126,15.9,2,4,198.907,2.223,1,0.884,141.3,1.607,3.978,16.8
0,0,1,5.845,11.126,15.9,0,4,198.907,2.201,1,0.851,145.1,1.607,3.978,16.8
0,0,1,5.845,12.126,15.9,10.9,4,198.907,2.247,1,0.923,134.5,1.61,3.978,16.8
0,0,1,5.845,12.126,15.9,8.406,4,198.907,2.254,1,0.932,134.5,1.61,3.978,16.8
0,0,1,5.845,12.126,15.9,6,4,198.907,2.25,1,0.924,136,1.61,3.978,16.8
0,0,1,5.845,12.126,15.9,4,4,198.907,2.239,1,0.907,138.4,1.61,3.978,16.8
0,0,1,5.845,12.126,15.9,2,4,198.907,2.222,1,0.881,141.5,1.61,3.978,16.8
0,0,1,5.845,12.126,15.9,0,4,198.907,2.199,1,0.849,145.2,1.61,3.978,16.8
0,0,1,6.845,10.126,15.9,10.9,4,198.907,2.246,1,0.92,134.8,1.612,3.978,16.8
0,0,1,6.845,10.126,15.9,8.406,4,198.907,2.252,1,0.929,134.7,1.612,3.978,16.8
0,0,1,6.845,10.126,15.9,6,4,198.907,2.248,1,0.921,136.3,1.612,3.978,16.8
0,0,1,6.845,10.126,15.9,4,4,198.907,2.237,1,0.904,138.5,1.612,3.978,16.8
0,0,1,6.845,10.126,15.9,2,4,198.907,2.22,1,0.878,141.7,1.612,3.978,16.8
0,0,1,6.845,10.126,15.9,0,4,198.907,2.198,1,0.846,145.4,1.612,3.978,16.8
0,0,1,6.845,11.126,15.9,10.9,4,198.907,2.247,1,0.921,134.7,1.611,3.978,16.8
0,0,1,6.845,11.126,15.9,8.406,4,198.907,2.253,1,0.931,134.6,1.611,3.978,16.8
0,0,1,6.845,11.126,15.9,6,4,198.907,2.249,1,0.923,136.1,1.611,3.978,16.8
0,0,1,6.845,11.126,15.9,4,4,198.907,2.238,1,0.905,138.4,1.611,3.978,16.8
0,0,1,6.845,11.126,15.9,2,4,198.907,2.221,1,0.879,141.6,1.611,3.978,16.8
0,0,1,6.845,11.126,15.9,0,4,198.907,2.199,1,0.847,145.3,1.611,3.978,16.8
0,0,1,6.845,12.126,15.9,10.9,4,198.907,2.246,1,0.92,134.8,1.612,3.978,16.8
0,0,1,6.845,12.126,15.9,8.406,4,198.907,2.253,1,0.93,134.6,1.612,3.978,16.8
0,0,1,6.845,12.126,15.9,6,4,198.907,2.249,1,0.922,136.2,1.612,3.978,16.8
0,0,1,6.845,12.126,15.9,4,4,198.907,2.238,1,0.904,138.5,1.612,3.978,16.8
0,0,1,6.845,12.126,15.9,2,4,198.907,2.221,1,0.878,141.7,1.612,3.978,16.8
0,0,1,2.7,7.878,15.6,10.6,5,245.496,2.731,1,0.875,138.2,1.626,4.91,16.5
0,0,1,2.7,7.878,15.6,8.288,5,245.496,2.74,1,0.887,138.6,1.626,4.91,16.5
0,0,1,2.7,7.878,15.6,6,5,245.496,2.734,1,0.876,141.4,1.626,4.91,16.5
0,0,1,2.7,7.878,15.6,4,5,245.496,2.718,1,0.851,145.5,1.626,4.91,16.5
0,0,1,2.7,7.878,15.6,2,5,245.496,2.693,1,0.815,150.8,1.626,4.91,16.5
0,0,1,2.7,7.878,15.6,0,5,245.496,2.66,1,0.77,156.9,1.626,4.91,16.5
0,0,1,2.7,8.878,15.6,10.6,5,245.496,2.733,1,0.878,137.9,1.624,4.91,16.5
0,0,1,2.7,8.878,15.6,8.288,5,245.496,2.742,1,0.89,138.3,1.624,4.91,16.5
0,0,1,2.7,8.878,15.6,6,5,245.496,2.736,1,0.879,141.1,1.624,4.91,16.5
0,0,1,2.7,8.878,15.6,4,5,245.496,2.72,1,0.854,145.3,1.624,4.91,16.5
0,0,1,2.7,8.878,15.6,2,5,245.496,2.695,1,0.817,150.6,1.624,4.91,16.5
0,0,1,2.7,8.878,15.6,0,5,245.496,2.662,1,0.773,156.7,1.624,4.91,16.5
0,0,1,2.7,9.878,15.6,10.6,5,245.496,2.732,1,0.873,138.2,1.629,4.91,16.5
0,0,1,2.7,9.878,15.6,8.288,5,245.496,2.741,1,0.886,138.6,1.629,4.91,16.5
0,0,1,2.7,9.878,15.6,6,5,245.496,2.735,1,0.875,141.4,1.629,4.91,16.5
0,0,1,2.7,9.878,15.6,4,5,245.496,2.719,1,0.85,145.5,1.629,4.91,16.5
0,0,1,2.7,9.878,15.6,2,5,245.496,2.694,1,0.813,150.8,1.629,4.91,16.5
0,0,1,2.7,9.878,15.6,0,5,245.496,2.661,1,0.769,156.9,1.629,4.91,16.5
0,0,1,3.7,7.878,15.6,10.6,5,245.496,2.733,1,0.878,138,1.622,4.91,16.5
0,0,1,3.7,7.878,15.6,8.288,5,245.496,2.742,1,0.891,138.3,1.622,4.91,16.5
0,0,1,3.7,7.878,15.6,6,5,245.496,2.736,1,0.88,141.2,1.622,4.91,16.5
0,0,1,3.7,7.878,15.6,4,5,245.496,2.72,1,0.854,145.3,1.622,4.91,16.5
0,0,1,3.7,7.878,15.6,2,5,245.496,2.695,1,0.818,150.6,1.622,4.91,16.5
0,0,1,3.7,7.878,15.6,0,5,245.496,2.662,1,0.773,156.7,1.622,4.91,16.5
0,0,1,3.7,8.878,15.6,10.6,5,245.496,2.737,1,0.885,137.4,1.618,4.91,16.5
0,0,1,3.7,8.878,15.6,8.288,5,245.496,2.745,1,0.897,137.8,1.618,4.91,16.5
0,0,1,3.7,8.878,15.6,6,5,245.496,2.74,1,0.886,140.7,1.618,4.91,16.5
0,0,1,3.7,8.878,15.6,4,5,245.496,2.724,1,0.861,144.8,1.618,4.91,16.5
0,0,1,3.7,8.878,15.6,2,5,245.496,2.698,1,0.824,150.1,1.618,4.91,16.5
0,0,1,3.7,8.878,15.6,0,5,245.496,2.665,1,0.779,156.3,1.618,4.91,16.5
0,0,1,3.7,9.878,15.6,10.6,5,245.496,2.737,1,0.884,137.3,1.619,4.91,16.5
0,0,1,3.7,9.878,15.6,8.288,5,245.496,2.746,1,0.897,137.7,1.619,4.91,16.5
0,0,1,3.7,9.878,15.6,6,5,245.496,2.74,1,0.886,140.6,1.619,4.91,16.5
0,0,1,3.7,9.878,15.6,4,5,245.496,2.724,1,0.86,144.8,1.619,4.91,16.5
0,0,1,3.7,9.878,15.6,2,5,245.496,2.699,1,0.823,150.1,1.619,4.91,16.5
0,0,1,3.7,9.878,15.6,0,5,245.496,2.665,1,0.778,156.3,1.619,4.91,16.5
0,0,1,3.7,10.878,15.6,10.6,5,245.496,2.734,1,0.878,137.9,1.625,4.91,16.5
0,0,1,3.7,10.878,15.6,8.288,5,245.496,2.743,1,0.89,138.3,1.625,4.91,16.5
0,0,1,3.7,10.878,15.6,6,5,245.496,2.737,1,0.879,141.1,1.625,4.91,16.5
0,0,1,3.7,10.878,15.6,4,5,245.496,2.721,1,0.854,145.2,1.625,4.91,16.5
0,0,1,3.7,10.878,15.6,2,5,245.496,2.696,1,0.817,150.5,1.625,4.91,16.5
0,0,1,3.7,10.878,15.6,0,5,245.496,2.663,1,0.773,156.6,1.625,4.91,16.5
0,0,1,4.7,7.878,15.6,10.6,5,245.496,2.732,1,0.876,138.1,1.625,4.91,16.5
0,0,1,4.7,7.878,15.6,8.288,5,245.496,2.741,1,0.888,138.5,1.625,4.91,16.5
0,0,1,4.7,7.878,15.6,6,5,245.496,2.735,1,0.877,141.4,1.625,4.91,16.5
0,0,1,4.7,7.878,15.6,4,5,245.496,2.719,1,0.852,145.4,1.625,4.91,16.5
0,0,1,4.7,7.878,15.6,2,5,245.496,2.694,1,0.816,150.7,1.625,4.91,16.5
0,0,1,4.7,7.878,15.6,0,5,245.496,2.661,1,0.771,156.8,1.625,4.91,16.5
0,0,1,4.7,8.878,15.6,10.6,5,245.496,2.737,1,0.885,137.3,1.618,4.91,16.5
0,0,1,4.7,8.878,15.6,8.288,5,245.496,2.746,1,0.897,137.7,1.618,4.91,16.5
0,0,1,4.7,8.878,15.6,6,5,245.496,2.74,1,0.887,140.6,1.618,4.91,16.5
0,0,1,4.7,8.878,15.6,4,5,245.496,2.724,1,0.861,144.8,1.618,4.91,16.5
0,0,1,4.7,8.878,15.6,2,5,245.496,2.699,1,0.824,150.1,1.618,4.91,16.5
0,0,1,4.7,8.878,15.6,0,5,245.496,2.666,1,0.779,156.3,1.618,4.91,16.5
0,0,1,4.7,9.878,15.6,10.6,5,245.496,2.739,1,0.888,137,1.616,4.91,16.5
0,0,1,4.7,9.878,15.6,8.288,5,245.496,2.748,1,0.901,137.4,1.616,4.91,16.5
0,0,1,4.7,9.878,15.6,6,5,245.496,2.742,1,0.89,140.4,1.616,4.91,16.5
0,0,1,4.7,9.878,15.6,4,5,245.496,2.726,1,0.864,144.6,1.616,4.91,16.5
0,0,1,4.7,9.878,15.6,2,5,245.496,2.7,1,0.827,149.9,1.616,4.91,16.5
0,0,1,4.7,9.878,15.6,0,5,245.496,2.667,1,0.782,156.1,1.616,4.91,16.5
0,0,1,4.7,10.878,15.6,10.6,5,245.496,2.738,1,0.885,137.2,1.619,4.91,16.5
0,0,1,4.7,10.878,15.6,8.288,5,245.496,2.746,1,0.898,137.7,1.619,4.91,16.5
0,0,1,4.7,10.878,15.6,6,5,245.496,2.741,1,0.887,140.5,1.619,4.91,16.5
0,0,1,4.7,10.878,15.6,4,5,245.496,2.725,1,0.861,144.7,1.619,4.91,16.5
0,0,1,4.7,10.878,15.6,2,5,245.496,2.699,1,0.824,150,1.619,4.91,16.5
0,0,1,4.7,10.878,15.6,0,5,245.496,2.666,1,0.779,156.2,1.619,4.91,16.5
0,0,1,4.7,11.878,15.6,10.6,5,245.496,2.734,1,0.877,138,1.626,4.91,16.5
0,0,1,4.7,11.878,15.6,8.288,5,245.496,2.743,1,0.889,138.3,1.626,4.91,16.5
0,0,1,4.7,11.878,15.6,6,5,245.496,2.737,1,0.878,141.2,1.626,4.91,16.5
0,0,1,4.7,11.878,15.6,4,5,245.496,2.721,1,0.853,145.3,1.626,4.91,16.5
0,0,1,4.7,11.878,15.6,2,5,245.496,2.696,1,0.816,150.6,1.626,4.91,16.5
0,0,1,4.7,11.878,15.6,0,5,245.496,2.662,1,0.772,156.7,1.626,4.91,16.5
0,0,1,5.7,8.878,15.6,10.6,5,245.496,2.734,1,0.879,137.8,1.624,4.91,16.5
0,0,1,5.7,8.878,15.6,8.288,5,245.496,2.743,1,0.891,138.2,1.624,4.91,16.5
0,0,1,5.7,8.878,15.6,6,5,245.496,2.737,1,0.88,141,1.624,4.91,16.5
0,0,1,5.7,8.878,15.6,4,5,245.496,2.721,1,0.855,145.2,1.624,4.91,16.5
0,0,1,5.7,8.878,15.6,2,5,245.496,2.696,1,0.818,150.5,1.624,4.91,16.5
0,0,1,5.7,8.878,15.6,0,5,245.496,2.663,1,0.774,156.6,1.624,4.91,16.5
0,0,1,5.7,9.878,15.6,10.6,5,245.496,2.737,1,0.885,137.4,1.62,4.91,16.5
0,0,1,5.7,9.878,15.6,8.288,5,245.496,2.746,1,0.897,137.7,1.62,4.91,16.5
0,0,1,5.7,9.878,15.6,6,5,245.496,2.741,1,0.886,140.6,1.62,4.91,16.5
0,0,1,5.7,9.878,15.6,4,5,245.496,2.724,1,0.86,144.7,1.62,4.91,16.5
0,0,1,5.7,9.878,15.6,2,5,245.496,2.699,1,0.823,150.1,1.62,4.91,16.5
0,0,1,5.7,9.878,15.6,0,5,245.496,2.666,1,0.779,156.2,1.62,4.91,16.5
0,0,1,5.7,10.878,15.6,10.6,5,245.496,2.738,1,0.885,137.3,1.62,4.91,16.5
0,0,1,5.7,10.878,15.6,8.288,5,245.496,2.747,1,0.897,137.6,1.62,4.91,16.5
0,0,1,5.7,10.878,15.6,6,5,245.496,2.741,1,0.886,140.5,1.62,4.91,16.5
0,0,1,5.7,10.878,15.6,4,5,245.496,2.725,1,0.861,144.7,1.62,4.91,16.5
0,0,1,5.7,10.878,15.6,2,5,245.496,2.7,1,0.824,150,1.62,4.91,16.5
0,0,1,5.7,10.878,15.6,0,5,245.496,2.666,1,0.779,156.2,1.62,4.91,16.5
0,0,1,5.7,11.878,15.6,10.6,5,245.496,2.736,1,0.88,137.7,1.624,4.91,16.5
0,0,1,5.7,11.878,15.6,8.288,5,245.496,2.744,1,0.892,138.1,1.624,4.91,16.5
0,0,1,5.7,11.878,15.6,6,5,245.496,2.739,1,0.882,140.9,1.624,4.91,16.5
0,0,1,5.7,11.878,15.6,4,5,245.496,2.723,1,0.856,145.1,1.624,4.91,16.5
0,0,1,5.7,11.878,15.6,2,5,245.496,2.697,1,0.819,150.4,1.624,4.91,16.5
0,0,1,5.7,11.878,15.6,0,5,245.496,2.664,1,0.775,156.5,1.624,4.91,16.5
0,0,1,6.7,9.878,15.6,10.6,5,245.496,2.733,1,0.875,138,1.63,4.91,16.5
0,0,1,6.7,9.878,15.6,8.288,5,245.496,2.742,1,0.887,138.5,1.63,4.91,16.5
0,0,1,6.7,9.878,15.6,6,5,245.496,2.736,1,0.876,141.2,1.63,4.91,16.5
0,0,1,6.7,9.878,15.6,4,5,245.496,2.72,1,0.851,145.3,1.63,4.91,16.5
0,0,1,6.7,9.878,15.6,2,5,245.496,2.695,1,0.814,150.6,1.63,4.91,16.5
0,0,1,6.7,9.878,15.6,0,5,245.496,2.662,1,0.77,156.7,1.63,4.91,16.5
0,0,1,6.7,10.878,15.6,10.6,5,245.496,2.735,1,0.877,137.9,1.628,4.91,16.5
0,0,1,6.7,10.878,15.6,8.288,5,245.496,2.744,1,0.89,138.2,1.628,4.91,16.5
0,0,1,6.7,10.878,15.6,6,5,245.496,2.738,1,0.879,141.1,1.628,4.91,16.5
0,0,1,6.7,10.878,15.6,4,5,245.496,2.722,1,0.853,145.2,1.628,4.91,16.5
0,0,1,6.7,10.878,15.6,2,5,245.496,2.697,1,0.817,150.5,1.628,4.91,16.5
0,0,1,6.7,10.878,15.6,0,5,245.496,2.663,1,0.772,156.6,1.628,4.91,16.5
0,0,1,6.7,11.878,15.6,10.6,5,245.496,2.734,1,0.876,138,1.629,4.91,16.5
0,0,1,6.7,11.878,15.6,8.288,5,245.496,2.743,1,0.888,138.4,1.629,4.91,16.5
0,0,1,6.7,11.878,15.6,6,5,245.496,2.737,1,0.877,141.2,1.629,4.91,16.5
0,0,1,6.7,11.878,15.6,4,5,245.496,2.721,1,0.852,145.2,1.629,4.91,16.5
0,0,1,6.7,11.878,15.6,2,5,245.496,2.696,1,0.815,150.5,1.629,4.91,16.5
0,0,1,2.397,7.275,14.7,9.827,6,278.818,3.228,1,0.837,132.5,1.608,5.576,15.5
0,0,1,2.397,7.275,14.7,7.827,6,278.818,3.238,1,0.849,133.3,1.608,5.576,15.5
0,0,1,2.397,7.275,14.7,5.827,6,278.818,3.232,1,0.838,136.9,1.608,5.576,15.5
0,0,1,2.397,7.275,14.7,3.827,6,278.818,3.21,1,0.806,142.8,1.608,5.576,15.5
0,0,1,2.397,7.275,14.7,1.827,6,278.818,3.175,1,0.76,150.3,1.608,5.576,15.5
0,0,1,2.397,7.275,14.7,0,6,278.818,3.134,1,0.71,158,1.608,5.576,15.5
0,0,1,2.397,8.275,14.7,9.827,6,278.818,3.231,1,0.841,132.1,1.606,5.576,15.5
0,0,1,2.397,8.275,14.7,7.827,6,278.818,3.241,1,0.853,132.9,1.606,5.576,15.5
0,0,1,2.397,8.275,14.7,5.827,6,278.818,3.235,1,0.842,136.5,1.606,5.576,15.5
0,0,1,2.397,8.275,14.7,3.827,6,278.818,3.213,1,0.81,142.5,1.606,5.576,15.5
0,0,1,2.397,8.275,14.7,1.827,6,278.818,3.178,1,0.764,149.9,1.606,5.576,15.5
0,0,1,2.397,8.275,14.7,0,6,278.818,3.137,1,0.713,157.7,1.606,5.576,15.5
0,0,1,2.397,9.275,14.7,9.827,6,278.818,3.229,1,0.835,132.5,1.613,5.576,15.5
0,0,1,2.397,9.275,14.7,7.827,6,278.818,3.239,1,0.847,133.5,1.613,5.576,15.5
0,0,1,2.397,9.275,14.7,5.827,6,278.818,3.232,1,0.836,137,1.613,5.576,15.5
0,0,1,2.397,9.275,14.7,3.827,6,278.818,3.211,1,0.804,142.8,1.613,5.576,15.5
0,0,1,2.397,9.275,14.7,1.827,6,278.818,3.176,1,0.758,150.3,1.613,5.576,15.5
0,0,1,2.397,9.275,14.7,0,6,278.818,3.135,1,0.708,157.9,1.613,5.576,15.5
0,0,1,3.397,7.275,14.7,9.827,6,278.818,3.231,1,0.842,132,1.604,5.576,15.5
0,0,1,3.397,7.275,14.7,7.827,6,278.818,3.241,1,0.855,132.9,1.604,5.576,15.5
0,0,1,3.397,7.275,14.7,5.827,6,278.818,3.234,1,0.843,136.6,1.604,5.576,15.5
0,0,1,3.397,7.275,14.7,3.827,6,278.818,3.213,1,0.811,142.5,1.604,5.576,15.5
0,0,1,3.397,7.275,14.7,1.827,6,278.818,3.178,1,0.765,149.9,1.604,5.576,15.5
0,0,1,3.397,7.275,14.7,0,6,278.818,3.137,1,0.714,157.7,1.604,5.576,15.5
0,0,1,3.397,8.275,14.7,9.827,6,278.818,3.236,1,0.851,131.3,1.597,5.576,15.5
0,0,1,3.397,8.275,14.7,7.827,6,278.818,3.246,1,0.864,132.1,1.597,5.576,15.5
0,0,1,3.397,8.275,14.7,5.827,6,278.818,3.24,1,0.853,135.8,1.597,5.576,15.5
0,0,1,3.397,8.275,14.7,3.827,6,278.818,3.218,1,0.82,141.8,1.597,5.576,15.5
0,0,1,3.397,8.275,14.7,1.827,6,278.818,3.183,1,0.773,149.4,1.597,5.576,15.5
0,0,1,3.397,8.275,14.7,0,6,278.818,3.142,1,0.722,157.2,1.597,5.576,15.5
0,0,1,3.397,9.275,14.7,9.827,6,278.818,3.237,1,0.851,131.2,1.598,5.576,15.5
0,0,1,3.397,9.275,14.7,7.827,6,278.818,3.247,1,0.864,132.1,1.598,5.576,15.5
0,0,1,3.397,9.275,14.7,5.827,6,278.818,3.24,1,0.852,135.8,1.598,5.576,15.5
0,0,1,3.397,9.275,14.7,3.827,6,278.818,3.218,1,0.82,141.7,1.598,5.576,15.5
0,0,1,3.397,9.275,14.7,1.827,6,278.818,3.183,1,0.773,149.4,1.598,5.576,15.5
0,0,1,3.397,9.275,14.7,0,6,278.818,3.142,1,0.721,157.1,1.598,5.576,15.5
0,0,1,3.397,10.275,14.7,9.827,6,278.818,3.232,1,0.841,132,1.608,5.576,15.5
0,0,1,3.397,10.275,14.7,7.827,6,278.818,3.242,1,0.854,132.9,1.608,5.576,15.5
0,0,1,3.397,10.275,14.7,5.827,6,278.818,3.236,1,0.842,136.5,1.608,5.576,15.5
0,0,1,3.397,10.275,14.7,3.827,6,278.818,3.214,1,0.811,142.4,1.608,5.576,15.5
0,0,1,3.397,10.275,14.7,1.827,6,278.818,3.179,1,0.764,149.8,1.608,5.576,15.5
0,0,1,3.397,10.275,14.7,0,6,278.818,3.138,1,0.714,157.6,1.608,5.576,15.5
0,0,1,4.397,7.275,14.7,9.827,6,278.818,3.229,1,0.838,132.3,1.607,5.576,15.5
0,0,1,4.397,7.275,14.7,7.827,6,278.818,3.239,1,0.851,133.2,1.607,5.576,15.5
0,0,1,4.397,7.275,14.7,5.827,6,278.818,3.233,1,0.84,136.8,1.607,5.576,15.5
0,0,1,4.397,7.275,14.7,3.827,6,278.818,3.211,1,0.808,142.6,1.607,5.576,15.5
0,0,1,4.397,7.275,14.7,1.827,6,278.818,3.177,1,0.762,150.1,1.607,5.576,15.5
0,0,1,4.397,7.275,14.7,0,6,278.818,3.135,1,0.712,157.8,1.607,5.576,15.5
0,0,1,4.397,8.275,14.7,9.827,6,278.818,3.237,1,0.852,131.2,1.597,5.576,15.5
0,0,1,4.397,8.275,14.7,7.827,6,278.818,3.247,1,0.865,132,1.597,5.576,15.5
0,0,1,4.397,8.275,14.7,5.827,6,278.818,3.24,1,0.853,135.8,1.597,5.576,15.5
0,0,1,4.397,8.275,14.7,3.827,6,278.818,3.219,1,0.821,141.7,1.597,5.576,15.5
0,0,1,4.397,8.275,14.7,1.827,6,278.818,3.184,1,0.773,149.3,1.597,5.576,15.5
0,0,1,4.397,8.275,14.7,0,6,278.818,3.142,1,0.722,157.1,1.597,5.576,15.5
0,0,1,4.397,9.275,14.7,9.827,6,278.818,3.239,1,0.856,130.7,1.594,5.576,15.5
0,0,1,4.397,9.275,14.7,7.827,6,278.818,3.25,1,0.869,131.6,1.594,5.576,15.5
0,0,1,4.397,9.275,14.7,5.827,6,278.818,3.243,1,0.857,135.4,1.594,5.576,15.5
0,0,1,4.397,9.275,14.7,3.827,6,278.818,3.221,1,0.825,141.4,1.594,5.576,15.5
0,0,1,4.397,9.275,14.7,1.827,6,278.818,3.186,1,0.777,149,1.594,5.576,15.5
0,0,1,4.397,9.275,14.7,0,6,278.818,3.145,1,0.726,156.9,1.594,5.576,15.5
0,0,1,4.397,10.275,14.7,9.827,6,278.818,3.238,1,0.852,131.1,1.598,5.576,15.5
0,0,1,4.397,10.275,14.7,7.827,6,278.818,3.248,1,0.865,132,1.598,5.576,15.5
0,0,1,4.397,10.275,14.7,5.827,6,278.818,3.241,1,0.853,135.7,1.598,5.576,15.5
0,0,1,4.397,10.275,14.7,3.827,6,278.818,3.22,1,0.821,141.6,1.598,5.576,15.5
0,0,1,4.397,10.275,14.7,1.827,6,278.818,3.185,1,0.774,149.2,1.598,5.576,15.5
0,0,1,4.397,10.275,14.7,0,6,278.818,3.143,1,0.722,157,1.598,5.576,15.5
0,0,1,4.397,11.275,14.7,9.827,6,278.818,3.232,1,0.84,132.1,1.609,5.576,15.5
0,0,1,4.397,11.275,14.7,7.827,6,278.818,3.242,1,0.853,132.9,1.609,5.576,15.5
0,0,1,4.397,11.275,14.7,5.827,6,278.818,3.235,1,0.841,136.6,1.609,5.576,15.5
0,0,1,4.397,11.275,14.7,3.827,6,278.818,3.214,1,0.81,142.4,1.609,5.576,15.5
0,0,1,4.397,11.275,14.7,1.827,6,278.818,3.179,1,0.763,149.9,1.609,5.576,15.5
0,0,1,4.397,11.275,14.7,0,6,278.818,3.138,1,0.713,157.6,1.609,5.576,15.5
0,0,1,5.397,8.275,14.7,9.827,6,278.818,3.233,1,0.843,131.9,1.606,5.576,15.5
0,0,1,5.397,8.275,14.7,7.827,6,278.818,3.243,1,0.856,132.7,1.606,5.576,15.5
0,0,1,5.397,8.275,14.7,5.827,6,278.818,3.236,1,0.844,136.4,1.606,5.576,15.5
0,0,1,5.397,8.275,14.7,3.827,6,278.818,3.215,1,0.812,142.3,1.606,5.576,15.5
0,0,1,5.397,8.275,14.7,1.827,6,278.818,3.18,1,0.766,149.7,1.606,5.576,15.5
0,0,1,5.397,8.275,14.7,0,6,278.818,3.139,1,0.715,157.5,1.606,5.576,15.5
0,0,1,5.397,9.275,14.7,9.827,6,278.818,3.237,1,0.851,131.1,1.6,5.576,15.5
0,0,1,5.397,9.275,14.7,7.827,6,278.818,3.248,1,0.864,132,1.6,5.576,15.5
0,0,1,5.397,9.275,14.7,5.827,6,278.818,3.241,1,0.852,135.7,1.6,5.576,15.5
0,0,1,5.397,9.275,14.7,3.827,6,278.818,3.219,1,0.82,141.7,1.6,5.576,15.5
0,0,1,5.397,9.275,14.7,1.827,6,278.818,3.184,1,0.773,149.3,1.6,5.576,15.5
0,0,1,5.397,9.275,14.7,0,6,278.818,3.143,1,0.722,157,1.6,5.576,15.5
0,0,1,5.397,10.275,14.7,9.827,6,278.818,3.238,1,0.852,131.1,1.6,5.576,15.5
0,0,1,5.397,10.275,14.7,7.827,6,278.818,3.248,1,0.864,132,1.6,5.576,15.5
0,0,1,5.397,10.275,14.7,5.827,6,278.818,3.242,1,0.853,135.6,1.6,5.576,15.5
0,0,1,5.397,10.275,14.7,3.827,6,278.818,3.22,1,0.821,141.7,1.6,5.576,15.5
0,0,1,5.397,10.275,14.7,1.827,6,278.818,3.185,1,0.773,149.2,1.6,5.576,15.5
0,0,1,5.397,10.275,14.7,0,6,278.818,3.143,1,0.722,157,1.6,5.576,15.5
0,0,1,5.397,11.275,14.7,9.827,6,278.818,3.235,1,0.845,131.6,1.606,5.576,15.5
0,0,1,5.397,11.275,14.7,7.827,6,278.818,3.245,1,0.857,132.5,1.606,5.576,15.5
0,0,1,5.397,11.275,14.7,5.827,6,278.818,3.238,1,0.846,136.2,1.606,5.576,15.5
0,0,1,5.397,11.275,14.7,3.827,6,278.818,3.217,1,0.814,142.1,1.606,5.576,15.5
0,0,1,5.397,11.275,14.7,1.827,6,278.818,3.182,1,0.767,149.5,1.606,5.576,15.5
0,0,1,5.397,11.275,14.7,0,6,278.818,3.14,1,0.716,157.3,1.606,5.576,15.5
0,0,1,6.397,9.275,14.7,9.827,6,278.818,3.231,1,0.837,132.3,1.614,5.576,15.5
0,0,1,6.397,9.275,14.7,7.827,6,278.818,3.241,1,0.849,133.1,1.614,5.576,15.5
0,0,1,6.397,9.275,14.7,5.827,6,278.818,3.234,1,0.838,136.8,1.614,5.576,15.5
0,0,1,6.397,9.275,14.7,3.827,6,278.818,3.213,1,0.806,142.6,1.614,5.576,15.5
0,0,1,6.397,9.275,14.7,1.827,6,278.818,3.178,1,0.76,150,1.614,5.576,15.5
0,0,1,6.397,9.275,14.7,0,6,278.818,3.137,1,0.71,157.7,1.614,5.576,15.5
0,0,1,6.397,10.275,14.7,9.827,6,278.818,3.233,1,0.84,132,1.611,5.576,15.5
0,0,1,6.397,10.275,14.7,7.827,6,278.818,3.243,1,0.853,132.8,1.611,5.576,15.5
0,0,1,6.397,10.275,14.7,5.827,6,278.818,3.237,1,0.842,136.4,1.611,5.576,15.5
0,0,1,6.397,10.275,14.7,3.827,6,278.818,3.215,1,0.81,142.3,1.611,5.576,15.5
0,0,1,6.397,10.275,14.7,1.827,6,278.818,3.18,1,0.763,149.8,1.611,5.576,15.5
0,0,1,6.397,10.275,14.7,0,6,278.818,3.139,1,0.713,157.5,1.611,5.576,15.5
0,0,1,6.397,11.275,14.7,9.827,6,278.818,3.232,1,0.838,132.2,1.614,5.576,15.5
0,0,1,6.397,11.275,14.7,7.827,6,278.818,3.242,1,0.851,133,1.614,5.576,15.5
0,0,1,6.397,11.275,14.7,5.827,6,278.818,3.236,1,0.839,136.6,1.614,5.576,15.5
0,0,1,6.397,11.275,14.7,3.827,6,278.818,3.214,1,0.808,142.5,1.614,5.576,15.5
0,0,1,6.397,11.275,14.7,1.827,6,278.818,3.179,1,0.761,149.9,1.614,5.576,15.5
0,0,1,2.076,6.621,13.7,9.305,7,316.433,3.718,1,0.799,126.2,1.652,6.329,15
0,0,1,2.076,6.621,13.7,7.305,7,316.433,3.732,1,0.816,127.1,1.652,6.329,15
0,0,1,2.076,6.621,13.7,5.305,7,316.433,3.722,1,0.801,131.6,1.652,6.329,15
0,0,1,2.076,6.621,13.7,3.305,7,316.433,3.692,1,0.761,138.9,1.652,6.329,15
0,0,1,2.076,6.621,13.7,0,7,316.433,3.605,1,0.662,154.7,1.652,6.329,15
0,0,1,2.076,7.621,13.7,9.305,7,316.433,3.722,1,0.805,125.7,1.649,6.329,15
0,0,1,2.076,7.621,13.7,7.305,7,316.433,3.736,1,0.822,126.6,1.649,6.329,15
0,0,1,2.076,7.621,13.7,5.305,7,316.433,3.727,1,0.807,131.1,1.649,6.329,15
0,0,1,2.076,7.621,13.7,3.305,7,316.433,3.696,1,0.766,138.5,1.649,6.329,15
0,0,1,2.076,7.621,13.7,0,7,316.433,3.608,1,0.666,154.3,1.649,6.329,15
0,0,1,2.076,8.621,13.7,9.305,7,316.433,3.718,1,0.796,126.3,1.659,6.329,15
0,0,1,2.076,8.621,13.7,7.305,7,316.433,3.732,1,0.813,127.2,1.659,6.329,15
0,0,1,2.076,8.621,13.7,5.305,7,316.433,3.723,1,0.798,131.7,1.659,6.329,15
0,0,1,2.076,8.621,13.7,3.305,7,316.433,3.693,1,0.758,138.9,1.659,6.329,15
0,0,1,2.076,8.621,13.7,0,7,316.433,3.605,1,0.659,154.6,1.659,6.329,15
0,0,1,3.076,6.621,13.7,9.305,7,316.433,3.721,1,0.807,125.6,1.645,6.329,15
0,0,1,3.076,6.621,13.7,7.305,7,316.433,3.736,1,0.823,126.5,1.645,6.329,15
0,0,1,3.076,6.621,13.7,5.305,7,316.433,3.726,1,0.808,131,1.645,6.329,15
0,0,1,3.076,6.621,13.7,3.305,7,316.433,3.696,1,0.768,138.4,1.645,6.329,15
0,0,1,3.076,6.621,13.7,0,7,316.433,3.608,1,0.667,154.3,1.645,6.329,15
0,0,1,3.076,7.621,13.7,9.305,7,316.433,3.729,1,0.819,124.5,1.635,6.329,15
0,0,1,3.076,7.621,13.7,7.305,7,316.433,3.744,1,0.836,125.4,1.635,6.329,15
0,0,1,3.076,7.621,13.7,5.305,7,316.433,3.734,1,0.821,130,1.635,6.329,15
0,0,1,3.076,7.621,13.7,3.305,7,316.433,3.703,1,0.779,137.5,1.635,6.329,15
0,0,1,3.076,7.621,13.7,0,7,316.433,3.615,1,0.677,153.7,1.635,6.329,15
0,0,1,3.076,8.621,13.7,9.305,7,316.433,3.73,1,0.818,124.5,1.637,6.329,15
0,0,1,3.076,8.621,13.7,7.305,7,316.433,3.744,1,0.835,125.5,1.637,6.329,15
0,0,1,3.076,8.621,13.7,5.305,7,316.433,3.735,1,0.82,130.1,1.637,6.329,15
0,0,1,3.076,8.621,13.7,3.305,7,316.433,3.704,1,0.779,137.6,1.637,6.329,15
0,0,1,3.076,8.621,13.7,0,7,316.433,3.616,1,0.676,153.6,1.637,6.329,15
0,0,1,3.076,9.621,13.7,9.305,7,316.433,3.723,1,0.806,125.6,1.651,6.329,15
0,0,1,3.076,9.621,13.7,7.305,7,316.433,3.737,1,0.822,126.5,1.651,6.329,15
0,0,1,3.076,9.621,13.7,5.305,7,316.433,3.728,1,0.807,131,1.651,6.329,15
0,0,1,3.076,9.621,13.7,3.305,7,316.433,3.697,1,0.767,138.4,1.651,6.329,15
0,0,1,3.076,9.621,13.7,0,7,316.433,3.61,1,0.666,154.2,1.651,6.329,15
0,0,1,4.076,6.621,13.7,9.305,7,316.433,3.719,1,0.802,126,1.65,6.329,15
0,0,1,4.076,6.621,13.7,7.305,7,316.433,3.734,1,0.819,126.9,1.65,6.329,15
0,0,1,4.076,6.621,13.7,5.305,7,316.433,3.724,1,0.804,131.4,1.65,6.329,15
0,0,1,4.076,6.621,13.7,3.305,7,316.433,3.694,1,0.763,138.7,1.65,6.329,15
0,0,1,4.076,6.621,13.7,0,7,316.433,3.606,1,0.664,154.5,1.65,6.329,15
0,0,1,4.076,7.621,13.7,9.305,7,316.433,3.73,1,0.82,124.5,1.635,6.329,15
0,0,1,4.076,7.621,13.7,7.305,7,316.433,3.744,1,0.837,125.3,1.635,6.329,15
0,0,1,4.076,7.621,13.7,5.305,7,316.433,3.735,1,0.822,130,1.635,6.329,15
0,0,1,4.076,7.621,13.7,3.305,7,316.433,3.704,1,0.78,137.5,1.635,6.329,15
0,0,1,4.076,7.621,13.7,0,7,316.433,3.616,1,0.677,153.6,1.635,6.329,15
0,0,1,4.076,8.621,13.7,9.305,7,316.433,3.734,1,0.826,123.9,1.631,6.329,15
0,0,1,4.076,8.621,13.7,7.305,7,316.433,3.748,1,0.843,124.9,1.631,6.329,15
0,0,1,4.076,8.621,13.7,5.305,7,316.433,3.739,1,0.828,129.5,1.631,6.329,15
0,0,1,4.076,8.621,13.7,3.305,7,316.433,3.708,1,0.786,137,1.631,6.329,15
0,0,1,4.076,8.621,13.7,0,7,316.433,3.62,1,0.682,153.3,1.631,6.329,15
0,0,1,4.076,9.621,13.7,9.305,7,316.433,3.732,1,0.82,124.3,1.637,6.329,15
0,0,1,4.076,9.621,13.7,7.305,7,316.433,3.746,1,0.837,125.3,1.637,6.329,15
0,0,1,4.076,9.621,13.7,5.305,7,316.433,3.736,1,0.822,129.9,1.637,6.329,15
0,0,1,4.076,9.621,13.7,3.305,7,316.433,3.706,1,0.78,137.3,1.637,6.329,15
0,0,1,4.076,9.621,13.7,0,7,316.433,3.617,1,0.678,153.5,1.637,6.329,15
0,0,1,4.076,10.621,13.7,9.305,7,316.433,3.723,1,0.804,125.7,1.652,6.329,15
0,0,1,4.076,10.621,13.7,7.305,7,316.433,3.737,1,0.821,126.6,1.652,6.329,15
0,0,1,4.076,10.621,13.7,5.305,7,316.433,3.728,1,0.806,131.1,1.652,6.329,15
0,0,1,4.076,10.621,13.7,3.305,7,316.433,3.697,1,0.766,138.4,1.652,6.329,15
0,0,1,4.076,10.621,13.7,0,7,316.433,3.609,1,0.665,154.2,1.652,6.329,15
0,0,1,5.076,7.621,13.7,9.305,7,316.433,3.725,1,0.808,125.4,1.648,6.329,15
0,0,1,5.076,7.621,13.7,7.305,7,316.433,3.739,1,0.825,126.2,1.648,6.329,15
0,0,1,5.076,7.621,13.7,5.305,7,316.433,3.729,1,0.81,130.9,1.648,6.329,15
0,0,1,5.076,7.621,13.7,3.305,7,316.433,3.699,1,0.769,138.2,1.648,6.329,15
0,0,1,5.076,7.621,13.7,0,7,316.433,3.611,1,0.668,154.1,1.648,6.329,15
0,0,1,5.076,8.621,13.7,9.305,7,316.433,3.731,1,0.819,124.5,1.639,6.329,15
0,0,1,5.076,8.621,13.7,7.305,7,316.433,3.745,1,0.836,125.3,1.639,6.329,15
0,0,1,5.076,8.621,13.7,5.305,7,316.433,3.736,1,0.821,130,1.639,6.329,15
0,0,1,5.076,8.621,13.7,3.305,7,316.433,3.705,1,0.779,137.5,1.639,6.329,15
0,0,1,5.076,8.621,13.7,0,7,316.433,3.617,1,0.677,153.5,1.639,6.329,15
0,0,1,5.076,9.621,13.7,9.305,7,316.433,3.732,1,0.82,124.4,1.639,6.329,15
0,0,1,5.076,9.621,13.7,7.305,7,316.433,3.746,1,0.837,125.3,1.639,6.329,15
0,0,1,5.076,9.621,13.7,5.305,7,316.433,3.737,1,0.821,129.9,1.639,6.329,15
0,0,1,5.076,9.621,13.7,3.305,7,316.433,3.706,1,0.78,137.4,1.639,6.329,15
0,0,1,5.076,9.621,13.7,0,7,316.433,3.618,1,0.677,153.4,1.639,6.329,15
0,0,1,5.076,10.621,13.7,9.305,7,316.433,3.727,1,0.81,125.1,1.648,6.329,15
0,0,1,5.076,10.621,13.7,7.305,7,316.433,3.741,1,0.827,126,1.648,6.329,15
0,0,1,5.076,10.621,13.7,5.305,7,316.433,3.732,1,0.812,130.5,1.648,6.329,15
0,0,1,5.076,10.621,13.7,3.305,7,316.433,3.701,1,0.771,137.9,1.648,6.329,15
0,0,1,5.076,10.621,13.7,0,7,316.433,3.613,1,0.67,153.9,1.648,6.329,15
0,0,1,6.076,8.621,13.7,9.305,7,316.433,3.722,1,0.799,126,1.66,6.329,15
0,0,1,6.076,8.621,13.7,7.305,7,316.433,3.736,1,0.816,126.9,1.66,6.329,15
0,0,1,6.076,8.621,13.7,5.305,7,316.433,3.726,1,0.801,131.3,1.66,6.329,15
0,0,1,6.076,8.621,13.7,3.305,7,316.433,3.696,1,0.761,138.6,1.66,6.329,15
0,0,1,6.076,8.621,13.7,0,7,316.433,3.608,1,0.661,154.3,1.66,6.329,15
0,0,1,6.076,9.621,13.7,9.305,7,316.433,3.725,1,0.805,125.6,1.656,6.329,15
0,0,1,6.076,9.621,13.7,7.305,7,316.433,3.739,1,0.821,126.4,1.656,6.329,15
0,0,1,6.076,9.621,13.7,5.305,7,316.433,3.73,1,0.806,130.9,1.656,6.329,15
0,0,1,6.076,9.621,13.7,3.305,7,316.433,3.699,1,0.766,138.2,1.656,6.329,15
0,0,1,6.076,9.621,13.7,0,7,316.433,3.611,1,0.665,154,1.656,6.329,15
0,0,1,6.076,10.621,13.7,9.305,7,316.433,3.723,1,0.801,125.9,1.659,6.329,15
0,0,1,6.076,10.621,13.7,7.305,7,316.433,3.737,1,0.818,126.7,1.659,6.329,15
0,0,1,6.076,10.621,13.7,5.305,7,316.433,3.728,1,0.803,131.2,1.659,6.329,15
0,0,1,6.076,10.621,13.7,3.305,7,316.433,3.698,1,0.763,138.5,1.659,6.329,15
0,0,1,6.076,10.621,13.7,0,7,316.433,3.61,1,0.663,154.2,1.659,6.329,15
